0.000000000000000000e+00,1.000000000000000000e+04,-9.293754927157199530e-02
2.000000000000000000e+01,1.000000000000000000e+04,-4.275952687243823602e-01
4.000000000000000000e+01,1.000000000000000000e+04,-3.147662157325365473e-01
6.000000000000000000e+01,1.000000000000000000e+04,1.960951164263683155e-01
8.000000000000000000e+01,1.000000000000000000e+04,-1.121328082812412114e-01
1.000000000000000000e+02,1.000000000000000000e+04,-5.460977276373872868e-01
1.200000000000000000e+02,1.000000000000000000e+04,5.631853053089937999e-01
1.400000000000000000e+02,1.000000000000000000e+04,2.939181547554706730e-01
1.600000000000000000e+02,1.000000000000000000e+04,1.692863153082895533e-01
1.800000000000000000e+02,1.000000000000000000e+04,2.455438292016865753e-01
2.000000000000000000e+02,1.000000000000000000e+04,-3.858617136957195187e-02
2.200000000000000000e+02,1.000000000000000000e+04,1.653770558121808038e-02
2.400000000000000000e+02,1.000000000000000000e+04,4.466190640860411287e-01
2.600000000000000000e+02,1.000000000000000000e+04,-7.100551314905409472e-02
2.800000000000000000e+02,1.000000000000000000e+04,-8.385838036434455078e-02
3.000000000000000000e+02,1.000000000000000000e+04,4.509769957872979962e-01
3.200000000000000000e+02,1.000000000000000000e+04,-9.897366094227760813e-01
3.400000000000000000e+02,1.000000000000000000e+04,3.815924369836585367e-02
3.600000000000000000e+02,1.000000000000000000e+04,3.568317480987034940e-01
3.800000000000000000e+02,1.000000000000000000e+04,-3.038763434110457462e-01
4.000000000000000000e+02,1.000000000000000000e+04,-1.260153667793951104e+00
4.200000000000000000e+02,1.000000000000000000e+04,-5.158996693897706098e-01
4.400000000000000000e+02,1.000000000000000000e+04,-6.592268494883349872e-01
4.600000000000000000e+02,1.000000000000000000e+04,-2.075839423865161459e-01
4.800000000000000000e+02,1.000000000000000000e+04,-1.737010983329775049e-01
5.000000000000000000e+02,1.000000000000000000e+04,3.996063805929702534e-02
5.200000000000000000e+02,1.000000000000000000e+04,1.302283072537476771e-01
5.400000000000000000e+02,1.000000000000000000e+04,2.920916347880189723e-01
5.600000000000000000e+02,1.000000000000000000e+04,5.185187621201107350e-02
5.800000000000000000e+02,1.000000000000000000e+04,4.446434810303294405e-02
6.000000000000000000e+02,1.000000000000000000e+04,-2.179347786238800544e-01
6.200000000000000000e+02,1.000000000000000000e+04,6.538377306471292449e-01
6.400000000000000000e+02,1.000000000000000000e+04,-3.328682672746745563e-01
6.600000000000000000e+02,1.000000000000000000e+04,-4.545445632202677055e-01
6.800000000000000000e+02,1.000000000000000000e+04,-4.654402811348458679e-01
7.000000000000000000e+02,1.000000000000000000e+04,-1.192318712859362535e-02
7.200000000000000000e+02,1.000000000000000000e+04,2.303779807251284673e-01
7.400000000000000000e+02,1.000000000000000000e+04,-5.831769649345480699e-01
7.600000000000000000e+02,1.000000000000000000e+04,-4.348098258416592254e-01
7.800000000000000000e+02,1.000000000000000000e+04,-8.996393293025450877e-01
8.000000000000000000e+02,1.000000000000000000e+04,-5.553268960500490348e-01
8.200000000000000000e+02,1.000000000000000000e+04,3.601927558803436624e-01
8.400000000000000000e+02,1.000000000000000000e+04,4.269625621074169541e-01
8.600000000000000000e+02,1.000000000000000000e+04,1.702431338217260115e-01
8.800000000000000000e+02,1.000000000000000000e+04,-3.631338326351393198e-01
9.000000000000000000e+02,1.000000000000000000e+04,2.139426942489043026e-01
9.200000000000000000e+02,1.000000000000000000e+04,6.311226842918095103e-01
9.400000000000000000e+02,1.000000000000000000e+04,-8.180265924964552626e-01
9.600000000000000000e+02,1.000000000000000000e+04,-1.297836303914558231e-01
9.800000000000000000e+02,1.000000000000000000e+04,6.459846038702283799e-01
1.000000000000000000e+03,1.000000000000000000e+04,6.298354633143926629e-02
1.020000000000000000e+03,1.000000000000000000e+04,4.306272252706337955e-01
1.040000000000000000e+03,1.000000000000000000e+04,1.143124593897077018e-01
1.060000000000000000e+03,1.000000000000000000e+04,-1.658470534464433266e+00
1.080000000000000000e+03,1.000000000000000000e+04,6.583919486120687337e-01
1.100000000000000000e+03,1.000000000000000000e+04,-9.996860744660857057e-01
1.120000000000000000e+03,1.000000000000000000e+04,-3.393228982926425052e-01
1.140000000000000000e+03,1.000000000000000000e+04,8.412134104886076491e-02
1.160000000000000000e+03,1.000000000000000000e+04,6.208351074899597366e-01
1.180000000000000000e+03,1.000000000000000000e+04,2.031483932404473669e-01
1.200000000000000000e+03,1.000000000000000000e+04,-6.099605676196603182e-02
1.220000000000000000e+03,1.000000000000000000e+04,2.897038359018393530e-02
1.240000000000000000e+03,1.000000000000000000e+04,-1.286237745112048803e-01
1.260000000000000000e+03,1.000000000000000000e+04,2.499030608058385283e+01
1.280000000000000000e+03,1.000000000000000000e+04,2.458654902569350043e+01
1.300000000000000000e+03,1.000000000000000000e+04,2.469570730146676141e+01
1.320000000000000000e+03,1.000000000000000000e+04,2.453329204147363996e+01
1.340000000000000000e+03,1.000000000000000000e+04,2.593865623423587863e+01
1.360000000000000000e+03,1.000000000000000000e+04,2.430894573695363547e+01
1.380000000000000000e+03,1.000000000000000000e+04,2.553670339927916189e+01
1.400000000000000000e+03,1.000000000000000000e+04,2.482451427869039762e+01
1.420000000000000000e+03,1.000000000000000000e+04,2.502565718267994654e+01
1.440000000000000000e+03,1.000000000000000000e+04,2.559069999778884252e+01
1.460000000000000000e+03,1.000000000000000000e+04,2.415884559648847940e+01
1.480000000000000000e+03,1.000000000000000000e+04,2.517158108131604521e+01
1.500000000000000000e+03,1.000000000000000000e+04,2.453934053164401874e+01
1.520000000000000000e+03,1.000000000000000000e+04,2.482581255340307536e+01
1.540000000000000000e+03,1.000000000000000000e+04,2.481631884578218461e+01
1.560000000000000000e+03,1.000000000000000000e+04,2.496770470165497713e+01
1.580000000000000000e+03,1.000000000000000000e+04,2.548158920594163490e+01
1.600000000000000000e+03,1.000000000000000000e+04,2.513124340412516844e+01
1.620000000000000000e+03,1.000000000000000000e+04,2.441120696744445340e+01
1.640000000000000000e+03,1.000000000000000000e+04,2.516260951879936059e+01
1.660000000000000000e+03,1.000000000000000000e+04,2.480015776970308394e+01
1.680000000000000000e+03,1.000000000000000000e+04,2.577398318181569081e+01
1.700000000000000000e+03,1.000000000000000000e+04,2.402605827054601306e+01
1.720000000000000000e+03,1.000000000000000000e+04,2.526429842624198585e+01
1.740000000000000000e+03,1.000000000000000000e+04,2.446292182955437156e+01
1.760000000000000000e+03,1.000000000000000000e+04,2.578744497524139945e+01
1.780000000000000000e+03,1.000000000000000000e+04,2.531616034533918480e+01
1.800000000000000000e+03,1.000000000000000000e+04,2.465258804440279405e+01
1.820000000000000000e+03,1.000000000000000000e+04,2.457170779775965741e+01
1.840000000000000000e+03,1.000000000000000000e+04,2.488322580606072165e+01
1.860000000000000000e+03,1.000000000000000000e+04,2.472235121001639158e+01
1.880000000000000000e+03,1.000000000000000000e+04,2.471239503740076415e+01
1.900000000000000000e+03,1.000000000000000000e+04,2.459662332801646301e+01
1.920000000000000000e+03,1.000000000000000000e+04,2.511729826970570656e+01
1.940000000000000000e+03,1.000000000000000000e+04,2.600333700050370922e+01
1.960000000000000000e+03,1.000000000000000000e+04,2.461263984672973848e+01
1.980000000000000000e+03,1.000000000000000000e+04,2.513726588449013022e+01
2.000000000000000000e+03,1.000000000000000000e+04,2.546824369826380163e+01
2.020000000000000000e+03,1.000000000000000000e+04,2.414767867633833021e+01
2.040000000000000000e+03,1.000000000000000000e+04,2.463461086076116757e+01
2.060000000000000000e+03,1.000000000000000000e+04,2.495833352167297647e+01
2.080000000000000000e+03,1.000000000000000000e+04,2.446545305102129575e+01
2.100000000000000000e+03,1.000000000000000000e+04,2.540277746328720099e+01
2.120000000000000000e+03,1.000000000000000000e+04,2.588874649975646491e+01
2.140000000000000000e+03,1.000000000000000000e+04,2.418614739360842592e+01
2.160000000000000000e+03,1.000000000000000000e+04,2.480642591680610209e+01
2.180000000000000000e+03,1.000000000000000000e+04,2.517238294763951956e+01
2.200000000000000000e+03,1.000000000000000000e+04,2.527439284187859414e+01
2.220000000000000000e+03,1.000000000000000000e+04,2.519210136713944692e+01
2.240000000000000000e+03,1.000000000000000000e+04,2.387939001483485413e+01
2.260000000000000000e+03,1.000000000000000000e+04,2.506640197050113272e+01
2.280000000000000000e+03,1.000000000000000000e+04,2.560439478008493097e+01
2.300000000000000000e+03,1.000000000000000000e+04,2.492887164985740256e+01
2.320000000000000000e+03,1.000000000000000000e+04,2.506881123090401431e+01
2.340000000000000000e+03,1.000000000000000000e+04,2.470569345365839098e+01
2.360000000000000000e+03,1.000000000000000000e+04,2.445204103539011342e+01
2.380000000000000000e+03,1.000000000000000000e+04,2.480671410895865137e+01
2.400000000000000000e+03,1.000000000000000000e+04,2.422707765528768320e+01
2.420000000000000000e+03,1.000000000000000000e+04,2.526756226567015062e+01
2.440000000000000000e+03,1.000000000000000000e+04,2.517543945426491803e+01
2.460000000000000000e+03,1.000000000000000000e+04,2.502544465744295366e+01
2.480000000000000000e+03,1.000000000000000000e+04,2.614892029546179586e+01
2.500000000000000000e+03,1.000000000000000000e+04,2.470505047785347941e+01
2.520000000000000000e+03,1.000000000000000000e+04,2.545274750017376775e+01
2.540000000000000000e+03,1.000000000000000000e+04,2.514362582359507314e+01
2.560000000000000000e+03,1.000000000000000000e+04,2.487237388877949940e+01
2.580000000000000000e+03,1.000000000000000000e+04,2.506312306375453858e+01
2.600000000000000000e+03,1.000000000000000000e+04,2.557026732050479012e+01
2.620000000000000000e+03,1.000000000000000000e+04,2.506015366462731109e+01
2.640000000000000000e+03,1.000000000000000000e+04,2.552297708846289481e+01
2.660000000000000000e+03,1.000000000000000000e+04,2.495806484723783569e+01
2.680000000000000000e+03,1.000000000000000000e+04,2.482271640614868957e+01
2.700000000000000000e+03,1.000000000000000000e+04,2.572763349218519835e+01
2.720000000000000000e+03,1.000000000000000000e+04,2.421543833983874094e+01
2.740000000000000000e+03,1.000000000000000000e+04,2.458254466018470552e+01
2.760000000000000000e+03,1.000000000000000000e+04,2.456450694792726708e+01
2.780000000000000000e+03,1.000000000000000000e+04,2.440522653894964122e+01
2.800000000000000000e+03,1.000000000000000000e+04,2.453160620865912733e+01
2.820000000000000000e+03,1.000000000000000000e+04,2.437682200058480930e+01
2.840000000000000000e+03,1.000000000000000000e+04,2.512696238185909436e+01
2.860000000000000000e+03,1.000000000000000000e+04,2.449472325528634542e+01
2.880000000000000000e+03,1.000000000000000000e+04,2.470877610301303662e+01
2.900000000000000000e+03,1.000000000000000000e+04,2.524370312434891162e+01
2.920000000000000000e+03,1.000000000000000000e+04,2.543569024127631906e+01
2.940000000000000000e+03,1.000000000000000000e+04,2.480342491444540087e+01
2.960000000000000000e+03,1.000000000000000000e+04,2.480433432876282751e+01
2.980000000000000000e+03,1.000000000000000000e+04,2.510763085282730245e+01
3.000000000000000000e+03,1.000000000000000000e+04,2.432810457752640687e+01
3.020000000000000000e+03,1.000000000000000000e+04,2.421162496875250270e+01
3.040000000000000000e+03,1.000000000000000000e+04,2.469017836542415978e+01
3.060000000000000000e+03,1.000000000000000000e+04,2.479764953550733608e+01
3.080000000000000000e+03,1.000000000000000000e+04,2.543578407935976671e+01
3.100000000000000000e+03,1.000000000000000000e+04,2.487929869957698514e+01
3.120000000000000000e+03,1.000000000000000000e+04,2.547687925158065880e+01
3.140000000000000000e+03,1.000000000000000000e+04,2.483937446575619390e+01
3.160000000000000000e+03,1.000000000000000000e+04,2.504254586861476639e+01
3.180000000000000000e+03,1.000000000000000000e+04,2.562564041683557647e+01
3.200000000000000000e+03,1.000000000000000000e+04,2.565327451281699922e+01
3.220000000000000000e+03,1.000000000000000000e+04,2.513127076700800799e+01
3.240000000000000000e+03,1.000000000000000000e+04,2.492707080360494132e+01
3.260000000000000000e+03,1.000000000000000000e+04,2.529146499290186156e+01
3.280000000000000000e+03,1.000000000000000000e+04,2.519042765427001740e+01
3.300000000000000000e+03,1.000000000000000000e+04,2.516836512078111809e+01
3.320000000000000000e+03,1.000000000000000000e+04,2.529952946688092652e+01
3.340000000000000000e+03,1.000000000000000000e+04,2.607041453185451729e+01
3.360000000000000000e+03,1.000000000000000000e+04,2.465492522588566615e+01
3.380000000000000000e+03,1.000000000000000000e+04,2.500349949284581186e+01
3.400000000000000000e+03,1.000000000000000000e+04,2.424258586085037237e+01
3.420000000000000000e+03,1.000000000000000000e+04,2.427069978561283747e+01
3.440000000000000000e+03,1.000000000000000000e+04,2.507466962004658129e+01
3.460000000000000000e+03,1.000000000000000000e+04,2.581437292064563138e+01
3.480000000000000000e+03,1.000000000000000000e+04,2.458217499460167588e+01
3.500000000000000000e+03,1.000000000000000000e+04,2.562810175264569068e+01
3.520000000000000000e+03,1.000000000000000000e+04,2.419869860759326485e+01
3.540000000000000000e+03,1.000000000000000000e+04,2.442568907329362560e+01
3.560000000000000000e+03,1.000000000000000000e+04,2.490750032769353695e+01
3.580000000000000000e+03,1.000000000000000000e+04,2.520537490550376702e+01
3.600000000000000000e+03,1.000000000000000000e+04,2.484567764790806876e+01
3.620000000000000000e+03,1.000000000000000000e+04,2.541544846517157907e+01
3.640000000000000000e+03,1.000000000000000000e+04,2.455328767989498573e+01
3.660000000000000000e+03,1.000000000000000000e+04,2.473260616233266518e+01
3.680000000000000000e+03,1.000000000000000000e+04,2.500123646486990481e+01
3.700000000000000000e+03,1.000000000000000000e+04,2.440578414753650449e+01
3.720000000000000000e+03,1.000000000000000000e+04,2.455379285524972488e+01
3.740000000000000000e+03,1.000000000000000000e+04,2.551369403325977459e+01
3.760000000000000000e+03,1.000000000000000000e+04,3.812544692249975053e-01
3.780000000000000000e+03,1.000000000000000000e+04,-7.849553954312235016e-01
3.800000000000000000e+03,1.000000000000000000e+04,-3.648572003508771533e-01
3.820000000000000000e+03,1.000000000000000000e+04,-1.693929413456548294e-01
3.840000000000000000e+03,1.000000000000000000e+04,-4.489177298188017362e-01
3.860000000000000000e+03,1.000000000000000000e+04,-1.149802528295762738e-01
3.880000000000000000e+03,1.000000000000000000e+04,-5.615238697880672314e-01
3.900000000000000000e+03,1.000000000000000000e+04,-5.036355343922644945e-01
3.920000000000000000e+03,1.000000000000000000e+04,-2.224242204154138758e-01
3.940000000000000000e+03,1.000000000000000000e+04,7.208129804705042110e-02
3.960000000000000000e+03,1.000000000000000000e+04,-1.238172981017386515e-01
3.980000000000000000e+03,1.000000000000000000e+04,-5.905763134713702955e-01
4.000000000000000000e+03,1.000000000000000000e+04,-2.701075029639278258e-01
4.020000000000000000e+03,1.000000000000000000e+04,-4.231709421789236480e-01
4.040000000000000000e+03,1.000000000000000000e+04,-4.067053689670785399e-01
4.060000000000000000e+03,1.000000000000000000e+04,1.865891346995978139e-01
4.080000000000000000e+03,1.000000000000000000e+04,6.041752805566266149e-01
4.100000000000000000e+03,1.000000000000000000e+04,3.691087547381554090e-01
4.120000000000000000e+03,1.000000000000000000e+04,-2.465300572848126981e-01
4.140000000000000000e+03,1.000000000000000000e+04,-7.513040734269965659e-01
4.160000000000000000e+03,1.000000000000000000e+04,1.465936925907686206e+00
4.180000000000000000e+03,1.000000000000000000e+04,5.647408848994651676e-01
4.200000000000000000e+03,1.000000000000000000e+04,8.794040980487235482e-01
4.220000000000000000e+03,1.000000000000000000e+04,4.508468620333473675e-02
4.240000000000000000e+03,1.000000000000000000e+04,4.534010637477908223e-01
4.260000000000000000e+03,1.000000000000000000e+04,4.553576526300232713e-02
4.280000000000000000e+03,1.000000000000000000e+04,6.446668442378982178e-01
4.300000000000000000e+03,1.000000000000000000e+04,-4.249067194660403057e-01
4.320000000000000000e+03,1.000000000000000000e+04,-8.496778728209080089e-01
4.340000000000000000e+03,1.000000000000000000e+04,-6.821034166830070022e-01
4.360000000000000000e+03,1.000000000000000000e+04,1.044868263603449393e-01
4.380000000000000000e+03,1.000000000000000000e+04,-2.572047478378821084e-01
4.400000000000000000e+03,1.000000000000000000e+04,-2.351025965365999004e-01
4.420000000000000000e+03,1.000000000000000000e+04,3.676914342256796808e-01
4.440000000000000000e+03,1.000000000000000000e+04,4.795954516313163940e-01
4.460000000000000000e+03,1.000000000000000000e+04,-1.143313352295797364e-02
4.480000000000000000e+03,1.000000000000000000e+04,1.077050104383892593e-01
4.500000000000000000e+03,1.000000000000000000e+04,-2.010563484902982700e-01
4.520000000000000000e+03,1.000000000000000000e+04,1.887807403923261740e-01
4.540000000000000000e+03,1.000000000000000000e+04,-5.406438120508170186e-01
4.560000000000000000e+03,1.000000000000000000e+04,-7.579269939146677793e-01
4.580000000000000000e+03,1.000000000000000000e+04,5.761848836371944449e-01
4.600000000000000000e+03,1.000000000000000000e+04,-1.556977527105903591e-01
4.620000000000000000e+03,1.000000000000000000e+04,6.532374877504136812e-01
4.640000000000000000e+03,1.000000000000000000e+04,2.087107659789005920e-01
4.660000000000000000e+03,1.000000000000000000e+04,5.587717600592085887e-01
4.680000000000000000e+03,1.000000000000000000e+04,-7.347417058883565222e-01
4.700000000000000000e+03,1.000000000000000000e+04,1.221398094884121655e+00
4.720000000000000000e+03,1.000000000000000000e+04,7.769796512538354460e-02
4.740000000000000000e+03,1.000000000000000000e+04,-1.820182872443982525e-01
4.760000000000000000e+03,1.000000000000000000e+04,-4.303625458738695175e-01
4.780000000000000000e+03,1.000000000000000000e+04,4.324496503779472478e-01
4.800000000000000000e+03,1.000000000000000000e+04,-9.056301315877109959e-01
4.820000000000000000e+03,1.000000000000000000e+04,-4.470632742173487606e-01
4.840000000000000000e+03,1.000000000000000000e+04,-7.963382148773583136e-02
4.860000000000000000e+03,1.000000000000000000e+04,2.096890511515853983e-01
4.880000000000000000e+03,1.000000000000000000e+04,1.275096602927560108e-01
4.900000000000000000e+03,1.000000000000000000e+04,6.091691906252114652e-01
4.920000000000000000e+03,1.000000000000000000e+04,-1.583264882777603300e-01
4.940000000000000000e+03,1.000000000000000000e+04,-9.903324966103655980e-01
4.960000000000000000e+03,1.000000000000000000e+04,2.394129497715510035e-01
4.980000000000000000e+03,1.000000000000000000e+04,5.159949396555559842e-01
5.000000000000000000e+03,1.000000000000000000e+04,-2.394911356372215749e-01
5.020000000000000000e+03,1.000000000000000000e+04,-5.110790949486391233e-01
5.040000000000000000e+03,1.000000000000000000e+04,-3.149889196882432740e-01
5.060000000000000000e+03,1.000000000000000000e+04,-3.628125561108222485e-01
5.080000000000000000e+03,1.000000000000000000e+04,-6.447801895057960753e-01
5.100000000000000000e+03,1.000000000000000000e+04,-7.235930740157918706e-01
5.120000000000000000e+03,1.000000000000000000e+04,6.884770945319353963e-01
5.140000000000000000e+03,1.000000000000000000e+04,-1.848869146583349832e-01
5.160000000000000000e+03,1.000000000000000000e+04,9.215265297494328323e-01
5.180000000000000000e+03,1.000000000000000000e+04,5.236889374746638293e-01
5.200000000000000000e+03,1.000000000000000000e+04,-3.950301201304164400e-01
5.220000000000000000e+03,1.000000000000000000e+04,-2.605493437114989042e-01
5.240000000000000000e+03,1.000000000000000000e+04,-1.802100263713571071e-01
5.260000000000000000e+03,1.000000000000000000e+04,3.024368934489836125e-01
5.280000000000000000e+03,1.000000000000000000e+04,-1.484726175657803959e-01
5.300000000000000000e+03,1.000000000000000000e+04,4.301408970919231023e-01
5.320000000000000000e+03,1.000000000000000000e+04,8.276156265477911667e-02
5.340000000000000000e+03,1.000000000000000000e+04,-3.584811955175269960e-01
5.360000000000000000e+03,1.000000000000000000e+04,1.187923964363422735e+00
5.380000000000000000e+03,1.000000000000000000e+04,-9.824390328659136917e-03
5.400000000000000000e+03,1.000000000000000000e+04,-2.847515382579247217e-02
5.420000000000000000e+03,1.000000000000000000e+04,-2.098277713124894472e-01
5.440000000000000000e+03,1.000000000000000000e+04,8.151425363273800961e-01
5.460000000000000000e+03,1.000000000000000000e+04,-7.332206135994853713e-02
5.480000000000000000e+03,1.000000000000000000e+04,-3.650695838874646881e-01
5.500000000000000000e+03,1.000000000000000000e+04,3.311218808067672992e-01
5.520000000000000000e+03,1.000000000000000000e+04,-1.150927253491938473e-01
5.540000000000000000e+03,1.000000000000000000e+04,-6.584287938324219491e-02
5.560000000000000000e+03,1.000000000000000000e+04,-2.356372123115601236e-01
5.580000000000000000e+03,1.000000000000000000e+04,-6.064267918574919314e-01
5.600000000000000000e+03,1.000000000000000000e+04,-1.982371861046912653e-01
5.620000000000000000e+03,1.000000000000000000e+04,-6.985526980245010398e-01
5.640000000000000000e+03,1.000000000000000000e+04,-2.698165215909887893e-01
5.660000000000000000e+03,1.000000000000000000e+04,2.324211622921535658e-01
5.680000000000000000e+03,1.000000000000000000e+04,-5.895747551922817520e-01
5.700000000000000000e+03,1.000000000000000000e+04,1.009296679361705307e+00
5.720000000000000000e+03,1.000000000000000000e+04,-6.927699931140922363e-02
5.740000000000000000e+03,1.000000000000000000e+04,-4.090877257071058315e-01
5.760000000000000000e+03,1.000000000000000000e+04,6.947264038598650604e-01
5.780000000000000000e+03,1.000000000000000000e+04,3.935328117474973797e-01
5.800000000000000000e+03,1.000000000000000000e+04,-5.860629010889226720e-01
5.820000000000000000e+03,1.000000000000000000e+04,-4.197369209576162219e-01
5.840000000000000000e+03,1.000000000000000000e+04,-6.113213666874346419e-01
5.860000000000000000e+03,1.000000000000000000e+04,-4.257481449327109035e-01
5.880000000000000000e+03,1.000000000000000000e+04,1.078757911211985498e-01
5.900000000000000000e+03,1.000000000000000000e+04,6.065884073284035782e-01
5.920000000000000000e+03,1.000000000000000000e+04,-7.806289436170411877e-02
5.940000000000000000e+03,1.000000000000000000e+04,-3.218882329116743435e-01
5.960000000000000000e+03,1.000000000000000000e+04,9.425622877144981815e-02
5.980000000000000000e+03,1.000000000000000000e+04,3.679728278127086805e-02
6.000000000000000000e+03,1.000000000000000000e+04,-2.506264502965235286e-01
6.020000000000000000e+03,1.000000000000000000e+04,-2.617665664873711773e-01
6.040000000000000000e+03,1.000000000000000000e+04,5.590507321968576360e-01
6.060000000000000000e+03,1.000000000000000000e+04,-5.228791902121054241e-02
6.080000000000000000e+03,1.000000000000000000e+04,7.499878481030265442e-01
6.100000000000000000e+03,1.000000000000000000e+04,5.271747784422133043e-02
6.120000000000000000e+03,1.000000000000000000e+04,-4.245765655213301071e-01
6.140000000000000000e+03,1.000000000000000000e+04,4.875477967610599150e-01
6.160000000000000000e+03,1.000000000000000000e+04,-2.981258631361822231e-01
6.180000000000000000e+03,1.000000000000000000e+04,7.704950023564709483e-01
6.200000000000000000e+03,1.000000000000000000e+04,-5.343337236594757067e-02
6.220000000000000000e+03,1.000000000000000000e+04,-9.926948913128370855e-02
6.240000000000000000e+03,1.000000000000000000e+04,-9.382747871216513824e-02
6.260000000000000000e+03,1.000000000000000000e+04,2.494613431096599498e+01
6.280000000000000000e+03,1.000000000000000000e+04,2.432064119196694563e+01
6.300000000000000000e+03,1.000000000000000000e+04,2.453509486607386947e+01
6.320000000000000000e+03,1.000000000000000000e+04,2.478685490854752871e+01
6.340000000000000000e+03,1.000000000000000000e+04,2.573007696692794966e+01
6.360000000000000000e+03,1.000000000000000000e+04,2.640097482822117669e+01
6.380000000000000000e+03,1.000000000000000000e+04,2.512608124399332610e+01
6.400000000000000000e+03,1.000000000000000000e+04,2.472903167690160231e+01
6.420000000000000000e+03,1.000000000000000000e+04,2.505898935984378184e+01
6.440000000000000000e+03,1.000000000000000000e+04,2.422823619667196837e+01
6.460000000000000000e+03,1.000000000000000000e+04,2.488795679967415708e+01
6.480000000000000000e+03,1.000000000000000000e+04,2.495587176553521758e+01
6.500000000000000000e+03,1.000000000000000000e+04,2.562640156458902396e+01
6.520000000000000000e+03,1.000000000000000000e+04,2.591567963484017056e+01
6.540000000000000000e+03,1.000000000000000000e+04,2.434365002467858830e+01
6.560000000000000000e+03,1.000000000000000000e+04,2.444530373734064810e+01
6.580000000000000000e+03,1.000000000000000000e+04,2.484260120560399088e+01
6.600000000000000000e+03,1.000000000000000000e+04,2.435846860137207770e+01
6.620000000000000000e+03,1.000000000000000000e+04,2.506811810901352189e+01
6.640000000000000000e+03,1.000000000000000000e+04,2.489737608933801383e+01
6.660000000000000000e+03,1.000000000000000000e+04,2.456089158232413894e+01
6.680000000000000000e+03,1.000000000000000000e+04,2.452200542465280719e+01
6.700000000000000000e+03,1.000000000000000000e+04,2.547409722029853896e+01
6.720000000000000000e+03,1.000000000000000000e+04,2.551395954242835273e+01
6.740000000000000000e+03,1.000000000000000000e+04,2.548714062393676372e+01
6.760000000000000000e+03,1.000000000000000000e+04,2.505788603489112987e+01
6.780000000000000000e+03,1.000000000000000000e+04,2.553704582589364591e+01
6.800000000000000000e+03,1.000000000000000000e+04,2.517076632011108472e+01
6.820000000000000000e+03,1.000000000000000000e+04,2.402196545015011608e+01
6.840000000000000000e+03,1.000000000000000000e+04,2.492898586962267515e+01
6.860000000000000000e+03,1.000000000000000000e+04,2.477797431206762013e+01
6.880000000000000000e+03,1.000000000000000000e+04,2.544637742688160742e+01
6.900000000000000000e+03,1.000000000000000000e+04,2.502679790646439173e+01
6.920000000000000000e+03,1.000000000000000000e+04,2.419718877735605744e+01
6.940000000000000000e+03,1.000000000000000000e+04,2.504265958362766753e+01
6.960000000000000000e+03,1.000000000000000000e+04,2.505247099913168896e+01
6.980000000000000000e+03,1.000000000000000000e+04,2.470078539759040837e+01
7.000000000000000000e+03,1.000000000000000000e+04,2.555367866295189572e+01
7.020000000000000000e+03,1.000000000000000000e+04,2.492544583887014653e+01
7.040000000000000000e+03,1.000000000000000000e+04,2.505873339548608314e+01
7.060000000000000000e+03,1.000000000000000000e+04,2.551644646787458370e+01
7.080000000000000000e+03,1.000000000000000000e+04,2.441780031242115001e+01
7.100000000000000000e+03,1.000000000000000000e+04,2.494380799604101284e+01
7.120000000000000000e+03,1.000000000000000000e+04,2.470680971658379121e+01
7.140000000000000000e+03,1.000000000000000000e+04,2.558379318906312250e+01
7.160000000000000000e+03,1.000000000000000000e+04,2.517275311947058469e+01
7.180000000000000000e+03,1.000000000000000000e+04,2.617440260204448421e+01
7.200000000000000000e+03,1.000000000000000000e+04,2.513775409238423819e+01
7.220000000000000000e+03,1.000000000000000000e+04,2.398411109577759603e+01
7.240000000000000000e+03,1.000000000000000000e+04,2.514036355266838285e+01
7.260000000000000000e+03,1.000000000000000000e+04,2.584087921985852887e+01
7.280000000000000000e+03,1.000000000000000000e+04,2.526328214856357945e+01
7.300000000000000000e+03,1.000000000000000000e+04,2.500624041344902437e+01
7.320000000000000000e+03,1.000000000000000000e+04,2.496421667762986729e+01
7.340000000000000000e+03,1.000000000000000000e+04,2.597691967033254912e+01
7.360000000000000000e+03,1.000000000000000000e+04,2.487615955443068572e+01
7.380000000000000000e+03,1.000000000000000000e+04,2.519785373349405688e+01
7.400000000000000000e+03,1.000000000000000000e+04,2.583836787545352820e+01
7.420000000000000000e+03,1.000000000000000000e+04,2.537686217344621653e+01
7.440000000000000000e+03,1.000000000000000000e+04,2.444792861536790340e+01
7.460000000000000000e+03,1.000000000000000000e+04,2.557388284881982088e+01
7.480000000000000000e+03,1.000000000000000000e+04,2.488800489613347011e+01
7.500000000000000000e+03,1.000000000000000000e+04,2.499255632918568537e+01
7.520000000000000000e+03,1.000000000000000000e+04,2.514037539862502513e+01
7.540000000000000000e+03,1.000000000000000000e+04,2.494348844594438575e+01
7.560000000000000000e+03,1.000000000000000000e+04,2.481967573774835856e+01
7.580000000000000000e+03,1.000000000000000000e+04,2.465095338016478621e+01
7.600000000000000000e+03,1.000000000000000000e+04,2.578195112411520640e+01
7.620000000000000000e+03,1.000000000000000000e+04,2.437492229374389652e+01
7.640000000000000000e+03,1.000000000000000000e+04,2.483009124084817998e+01
7.660000000000000000e+03,1.000000000000000000e+04,2.424757983182021093e+01
7.680000000000000000e+03,1.000000000000000000e+04,2.476754600483382518e+01
7.700000000000000000e+03,1.000000000000000000e+04,2.491326001507447074e+01
7.720000000000000000e+03,1.000000000000000000e+04,2.492074032622507573e+01
7.740000000000000000e+03,1.000000000000000000e+04,2.497079274388782011e+01
7.760000000000000000e+03,1.000000000000000000e+04,2.567825064202908436e+01
7.780000000000000000e+03,1.000000000000000000e+04,2.448321570514267975e+01
7.800000000000000000e+03,1.000000000000000000e+04,2.596612563174283750e+01
7.820000000000000000e+03,1.000000000000000000e+04,2.414183979166883631e+01
7.840000000000000000e+03,1.000000000000000000e+04,2.487988616464993896e+01
7.860000000000000000e+03,1.000000000000000000e+04,2.444986094147767730e+01
7.880000000000000000e+03,1.000000000000000000e+04,2.520950285954719661e+01
7.900000000000000000e+03,1.000000000000000000e+04,2.585236230942047797e+01
7.920000000000000000e+03,1.000000000000000000e+04,2.443941009333609315e+01
7.940000000000000000e+03,1.000000000000000000e+04,2.457692363126153978e+01
7.960000000000000000e+03,1.000000000000000000e+04,2.500382783487198779e+01
7.980000000000000000e+03,1.000000000000000000e+04,2.466351643967980678e+01
8.000000000000000000e+03,1.000000000000000000e+04,2.596956689158858467e+01
8.020000000000000000e+03,1.000000000000000000e+04,2.511852348997543771e+01
8.040000000000000000e+03,1.000000000000000000e+04,2.500606765839470214e+01
8.060000000000000000e+03,1.000000000000000000e+04,2.482796472554222333e+01
8.080000000000000000e+03,1.000000000000000000e+04,2.506306617603215159e+01
8.100000000000000000e+03,1.000000000000000000e+04,2.519102956692986339e+01
8.120000000000000000e+03,1.000000000000000000e+04,2.519984983944879886e+01
8.140000000000000000e+03,1.000000000000000000e+04,2.482896743639303949e+01
8.160000000000000000e+03,1.000000000000000000e+04,2.507612242701843996e+01
8.180000000000000000e+03,1.000000000000000000e+04,2.485887777351235783e+01
8.200000000000000000e+03,1.000000000000000000e+04,2.480214720445046694e+01
8.220000000000000000e+03,1.000000000000000000e+04,2.548508201029580533e+01
8.240000000000000000e+03,1.000000000000000000e+04,2.530098471947465555e+01
8.260000000000000000e+03,1.000000000000000000e+04,2.468455250047544780e+01
8.280000000000000000e+03,1.000000000000000000e+04,2.530469393882530937e+01
8.300000000000000000e+03,1.000000000000000000e+04,2.542838866586461677e+01
8.320000000000000000e+03,1.000000000000000000e+04,2.521205007492988059e+01
8.340000000000000000e+03,1.000000000000000000e+04,2.435551072300338404e+01
8.360000000000000000e+03,1.000000000000000000e+04,2.423358049945921877e+01
8.380000000000000000e+03,1.000000000000000000e+04,2.465023821219403999e+01
8.400000000000000000e+03,1.000000000000000000e+04,2.495253489349704878e+01
8.420000000000000000e+03,1.000000000000000000e+04,2.450236979651650415e+01
8.440000000000000000e+03,1.000000000000000000e+04,2.549314225113530341e+01
8.460000000000000000e+03,1.000000000000000000e+04,2.497173165681175178e+01
8.480000000000000000e+03,1.000000000000000000e+04,2.445507100598299033e+01
8.500000000000000000e+03,1.000000000000000000e+04,2.505576228606570410e+01
8.520000000000000000e+03,1.000000000000000000e+04,2.480507143492889099e+01
8.540000000000000000e+03,1.000000000000000000e+04,2.465732778100046829e+01
8.560000000000000000e+03,1.000000000000000000e+04,2.485164475783088633e+01
8.580000000000000000e+03,1.000000000000000000e+04,2.520531474629191848e+01
8.600000000000000000e+03,1.000000000000000000e+04,2.545687620966137388e+01
8.620000000000000000e+03,1.000000000000000000e+04,2.519911718169093717e+01
8.640000000000000000e+03,1.000000000000000000e+04,2.520913172970487537e+01
8.660000000000000000e+03,1.000000000000000000e+04,2.526808316473935534e+01
8.680000000000000000e+03,1.000000000000000000e+04,2.512525013981883859e+01
8.700000000000000000e+03,1.000000000000000000e+04,2.511075183128103916e+01
8.720000000000000000e+03,1.000000000000000000e+04,2.437113819030147965e+01
8.740000000000000000e+03,1.000000000000000000e+04,2.578272403890364117e+01
8.760000000000000000e+03,1.000000000000000000e+04,-1.126551772037050619e-01
8.780000000000000000e+03,1.000000000000000000e+04,-9.862754108767429750e-02
8.800000000000000000e+03,1.000000000000000000e+04,3.914327031105085397e-01
8.820000000000000000e+03,1.000000000000000000e+04,2.817139140207104986e-01
8.840000000000000000e+03,1.000000000000000000e+04,-4.780176418055917531e-01
8.860000000000000000e+03,1.000000000000000000e+04,3.117965197670509170e-01
8.880000000000000000e+03,1.000000000000000000e+04,3.123290899062202697e-01
8.900000000000000000e+03,1.000000000000000000e+04,-8.688050224455121651e-01
8.920000000000000000e+03,1.000000000000000000e+04,2.216505033962131721e-01
8.940000000000000000e+03,1.000000000000000000e+04,-2.016162480852825289e-01
8.960000000000000000e+03,1.000000000000000000e+04,3.410634784989057672e-02
8.980000000000000000e+03,1.000000000000000000e+04,7.150656522605285392e-01
9.000000000000000000e+03,1.000000000000000000e+04,-6.101072917363387083e-01
9.020000000000000000e+03,1.000000000000000000e+04,-5.167880196420149286e-01
9.040000000000000000e+03,1.000000000000000000e+04,-4.395439127216499431e-01
9.060000000000000000e+03,1.000000000000000000e+04,1.088357300938773253e+00
9.080000000000000000e+03,1.000000000000000000e+04,1.926222413835824987e-01
9.100000000000000000e+03,1.000000000000000000e+04,3.288321979650297155e-01
9.120000000000000000e+03,1.000000000000000000e+04,8.528586936476051372e-01
9.140000000000000000e+03,1.000000000000000000e+04,6.268771111351795211e-02
9.160000000000000000e+03,1.000000000000000000e+04,5.138131906411512462e-03
9.180000000000000000e+03,1.000000000000000000e+04,-2.952016953964340940e-01
9.200000000000000000e+03,1.000000000000000000e+04,-2.780591413931480238e-01
9.220000000000000000e+03,1.000000000000000000e+04,8.377552816134927749e-01
9.240000000000000000e+03,1.000000000000000000e+04,-3.418499705303217340e-01
9.260000000000000000e+03,1.000000000000000000e+04,2.962295774694109207e-01
9.280000000000000000e+03,1.000000000000000000e+04,-5.103811133460735283e-02
9.300000000000000000e+03,1.000000000000000000e+04,-2.994645587317301683e-01
9.320000000000000000e+03,1.000000000000000000e+04,-2.270731579601072969e-01
9.340000000000000000e+03,1.000000000000000000e+04,-1.828702510290639016e-01
9.360000000000000000e+03,1.000000000000000000e+04,1.018383247800371150e+00
9.380000000000000000e+03,1.000000000000000000e+04,-4.801477414624715778e-01
9.400000000000000000e+03,1.000000000000000000e+04,-7.726558683692960616e-02
9.420000000000000000e+03,1.000000000000000000e+04,7.808570070057206658e-02
9.440000000000000000e+03,1.000000000000000000e+04,7.185394136148202104e-01
9.460000000000000000e+03,1.000000000000000000e+04,3.712097388697909728e-01
9.480000000000000000e+03,1.000000000000000000e+04,-7.501919318532483949e-01
9.500000000000000000e+03,1.000000000000000000e+04,4.659877631264950498e-02
9.520000000000000000e+03,1.000000000000000000e+04,5.475419842749065097e-02
9.540000000000000000e+03,1.000000000000000000e+04,-9.895978377107088331e-03
9.560000000000000000e+03,1.000000000000000000e+04,4.400878073780968847e-01
9.580000000000000000e+03,1.000000000000000000e+04,-4.344422489822432620e-01
9.600000000000000000e+03,1.000000000000000000e+04,-5.624122166827923985e-01
9.620000000000000000e+03,1.000000000000000000e+04,-7.403046669491548659e-01
9.640000000000000000e+03,1.000000000000000000e+04,8.958731192476628857e-01
9.660000000000000000e+03,1.000000000000000000e+04,-6.090418992543807780e-02
9.680000000000000000e+03,1.000000000000000000e+04,-3.842780752364496344e-01
9.700000000000000000e+03,1.000000000000000000e+04,6.496627758690594057e-01
9.720000000000000000e+03,1.000000000000000000e+04,4.591601793775729190e-01
9.740000000000000000e+03,1.000000000000000000e+04,-3.170527930798082150e-01
9.760000000000000000e+03,1.000000000000000000e+04,-4.136561970132791172e-02
9.780000000000000000e+03,1.000000000000000000e+04,-2.115188777316131530e-01
9.800000000000000000e+03,1.000000000000000000e+04,2.000827394592229191e-01
9.820000000000000000e+03,1.000000000000000000e+04,3.104944802294338224e-01
9.840000000000000000e+03,1.000000000000000000e+04,-6.634740823956607469e-01
9.860000000000000000e+03,1.000000000000000000e+04,-3.965144876708603938e-01
9.880000000000000000e+03,1.000000000000000000e+04,4.291549446268947410e-01
9.900000000000000000e+03,1.000000000000000000e+04,-4.676909859099076527e-01
9.920000000000000000e+03,1.000000000000000000e+04,8.652890741034529043e-01
9.940000000000000000e+03,1.000000000000000000e+04,2.665308177377384014e-01
9.960000000000000000e+03,1.000000000000000000e+04,3.363884919803529217e-01
9.980000000000000000e+03,1.000000000000000000e+04,-4.662517896829863062e-01
1.000000000000000000e+04,1.000000000000000000e+04,-9.197428923800961623e-03
1.002000000000000000e+04,1.000000000000000000e+04,1.951109945678168589e-01
1.004000000000000000e+04,1.000000000000000000e+04,-1.933301229996112203e-01
1.006000000000000000e+04,1.000000000000000000e+04,-2.784802806660938157e-01
1.008000000000000000e+04,1.000000000000000000e+04,-1.841407513767880921e-01
1.010000000000000000e+04,1.000000000000000000e+04,-3.037615060162491276e-01
1.012000000000000000e+04,1.000000000000000000e+04,-4.444609014581893391e-01
1.014000000000000000e+04,1.000000000000000000e+04,-2.046352527231417584e-01
1.016000000000000000e+04,1.000000000000000000e+04,5.191198026794465598e-02
1.018000000000000000e+04,1.000000000000000000e+04,-4.766402165495629006e-01
1.020000000000000000e+04,1.000000000000000000e+04,-4.773926713915150333e-01
1.022000000000000000e+04,1.000000000000000000e+04,9.306896198732845793e-01
1.024000000000000000e+04,1.000000000000000000e+04,-5.334853497122837851e-01
1.026000000000000000e+04,1.000000000000000000e+04,-3.582556682985825469e-02
1.028000000000000000e+04,1.000000000000000000e+04,6.045953154542323960e-01
1.030000000000000000e+04,1.000000000000000000e+04,-7.050019168313578777e-02
1.032000000000000000e+04,1.000000000000000000e+04,3.187926984066524749e-01
1.034000000000000000e+04,1.000000000000000000e+04,-2.195978643609282910e-01
1.036000000000000000e+04,1.000000000000000000e+04,1.489970856534152954e-01
1.038000000000000000e+04,1.000000000000000000e+04,7.517651989605510510e-01
1.040000000000000000e+04,1.000000000000000000e+04,-7.477366720119069665e-01
1.042000000000000000e+04,1.000000000000000000e+04,-2.431282893084366625e-01
1.044000000000000000e+04,1.000000000000000000e+04,-6.456198354904452152e-01
1.046000000000000000e+04,1.000000000000000000e+04,-1.377677671954793959e-01
1.048000000000000000e+04,1.000000000000000000e+04,-7.096378449983155035e-01
1.050000000000000000e+04,1.000000000000000000e+04,4.951438419095632870e-01
1.052000000000000000e+04,1.000000000000000000e+04,-4.045398928698456520e-01
1.054000000000000000e+04,1.000000000000000000e+04,7.269124215823585811e-01
1.056000000000000000e+04,1.000000000000000000e+04,-3.557686843463596094e-01
1.058000000000000000e+04,1.000000000000000000e+04,8.286089046176787765e-01
1.060000000000000000e+04,1.000000000000000000e+04,4.809331955062622066e-02
1.062000000000000000e+04,1.000000000000000000e+04,3.312156505763614867e-01
1.064000000000000000e+04,1.000000000000000000e+04,-3.376769632907084678e-02
1.066000000000000000e+04,1.000000000000000000e+04,-8.379845181562622924e-01
1.068000000000000000e+04,1.000000000000000000e+04,-6.363517389997435103e-01
1.070000000000000000e+04,1.000000000000000000e+04,4.757188615333998172e-01
1.072000000000000000e+04,1.000000000000000000e+04,-1.893322566282374941e-01
1.074000000000000000e+04,1.000000000000000000e+04,-8.315419757812467227e-02
1.076000000000000000e+04,1.000000000000000000e+04,2.529211264647215907e-01
1.078000000000000000e+04,1.000000000000000000e+04,-2.699821712571203736e-01
1.080000000000000000e+04,1.000000000000000000e+04,-5.005843387335647821e-01
1.082000000000000000e+04,1.000000000000000000e+04,4.943981247322454253e-01
1.084000000000000000e+04,1.000000000000000000e+04,6.905799780560483159e-01
1.086000000000000000e+04,1.000000000000000000e+04,-3.383103191913778285e-01
1.088000000000000000e+04,1.000000000000000000e+04,-7.183900958696608219e-02
1.090000000000000000e+04,1.000000000000000000e+04,6.412723439002747661e-01
1.092000000000000000e+04,1.000000000000000000e+04,-2.060527591151172233e-01
1.094000000000000000e+04,1.000000000000000000e+04,-1.232853087976434475e-01
1.096000000000000000e+04,1.000000000000000000e+04,6.180549626807707586e-01
1.098000000000000000e+04,1.000000000000000000e+04,-2.355471017436975081e-02
1.100000000000000000e+04,1.000000000000000000e+04,-2.889442782587334224e-01
1.102000000000000000e+04,1.000000000000000000e+04,-7.856459130499456878e-01
1.104000000000000000e+04,1.000000000000000000e+04,-1.744770755463328771e-01
1.106000000000000000e+04,1.000000000000000000e+04,1.156534326692350012e-01
1.108000000000000000e+04,1.000000000000000000e+04,2.012805539420297052e-01
1.110000000000000000e+04,1.000000000000000000e+04,-2.972550958047273650e-01
1.112000000000000000e+04,1.000000000000000000e+04,-2.707619464195558656e-01
1.114000000000000000e+04,1.000000000000000000e+04,-1.686390669327895164e-01
1.116000000000000000e+04,1.000000000000000000e+04,-1.057008562918208827e-01
1.118000000000000000e+04,1.000000000000000000e+04,5.033957025387401085e-01
1.120000000000000000e+04,1.000000000000000000e+04,4.189580712060498868e-01
1.122000000000000000e+04,1.000000000000000000e+04,4.201729405311808718e-01
1.124000000000000000e+04,1.000000000000000000e+04,-1.239406902618672257e+00
1.126000000000000000e+04,1.000000000000000000e+04,2.498140899277103344e+01
1.128000000000000000e+04,1.000000000000000000e+04,2.568572131010589032e+01
1.130000000000000000e+04,1.000000000000000000e+04,2.483717902650989728e+01
1.132000000000000000e+04,1.000000000000000000e+04,2.514033802936155126e+01
1.134000000000000000e+04,1.000000000000000000e+04,2.577411503864239606e+01
1.136000000000000000e+04,1.000000000000000000e+04,2.388484224304567505e+01
1.138000000000000000e+04,1.000000000000000000e+04,2.439227149603794942e+01
1.140000000000000000e+04,1.000000000000000000e+04,2.459395119523655993e+01
1.142000000000000000e+04,1.000000000000000000e+04,2.564002401160790612e+01
1.144000000000000000e+04,1.000000000000000000e+04,2.539375371018459049e+01
1.146000000000000000e+04,1.000000000000000000e+04,2.548700780709012292e+01
1.148000000000000000e+04,1.000000000000000000e+04,2.564230663096822838e+01
1.150000000000000000e+04,1.000000000000000000e+04,2.494704288310893503e+01
1.152000000000000000e+04,1.000000000000000000e+04,2.416403435175266523e+01
1.154000000000000000e+04,1.000000000000000000e+04,2.426219717213709615e+01
1.156000000000000000e+04,1.000000000000000000e+04,2.533524725432750557e+01
1.158000000000000000e+04,1.000000000000000000e+04,2.537639805092361911e+01
1.160000000000000000e+04,1.000000000000000000e+04,2.496056716367798956e+01
1.162000000000000000e+04,1.000000000000000000e+04,2.448777721596287194e+01
1.164000000000000000e+04,1.000000000000000000e+04,2.506257581539018275e+01
1.166000000000000000e+04,1.000000000000000000e+04,2.482762981101846478e+01
1.168000000000000000e+04,1.000000000000000000e+04,2.525054326459680709e+01
1.170000000000000000e+04,1.000000000000000000e+04,2.560025314174617250e+01
1.172000000000000000e+04,1.000000000000000000e+04,2.451576004639330364e+01
1.174000000000000000e+04,1.000000000000000000e+04,2.580120903410821498e+01
1.176000000000000000e+04,1.000000000000000000e+04,2.504719246353204909e+01
1.178000000000000000e+04,1.000000000000000000e+04,2.477364026700950461e+01
1.180000000000000000e+04,1.000000000000000000e+04,2.517082371116591588e+01
1.182000000000000000e+04,1.000000000000000000e+04,2.548949562922615897e+01
1.184000000000000000e+04,1.000000000000000000e+04,2.533105516958405801e+01
1.186000000000000000e+04,1.000000000000000000e+04,2.487746580370739125e+01
1.188000000000000000e+04,1.000000000000000000e+04,2.505669941786075938e+01
1.190000000000000000e+04,1.000000000000000000e+04,2.534958204072226806e+01
1.192000000000000000e+04,1.000000000000000000e+04,2.491017204816267494e+01
1.194000000000000000e+04,1.000000000000000000e+04,2.447665708753571678e+01
1.196000000000000000e+04,1.000000000000000000e+04,2.519080139350775127e+01
1.198000000000000000e+04,1.000000000000000000e+04,2.558063156010736350e+01
1.200000000000000000e+04,1.000000000000000000e+04,2.546848763379028924e+01
1.202000000000000000e+04,1.000000000000000000e+04,2.404611235718072493e+01
1.204000000000000000e+04,1.000000000000000000e+04,2.408466983691668517e+01
1.206000000000000000e+04,1.000000000000000000e+04,2.479902027467838721e+01
1.208000000000000000e+04,1.000000000000000000e+04,2.451014846948761061e+01
1.210000000000000000e+04,1.000000000000000000e+04,2.563926310784292184e+01
1.212000000000000000e+04,1.000000000000000000e+04,2.583835355202175421e+01
1.214000000000000000e+04,1.000000000000000000e+04,2.448985963847478686e+01
1.216000000000000000e+04,1.000000000000000000e+04,2.589702912168798932e+01
1.218000000000000000e+04,1.000000000000000000e+04,2.539016744107151524e+01
1.220000000000000000e+04,1.000000000000000000e+04,2.599921315633068986e+01
1.222000000000000000e+04,1.000000000000000000e+04,2.456495029996898083e+01
1.224000000000000000e+04,1.000000000000000000e+04,2.495851683048539726e+01
1.226000000000000000e+04,1.000000000000000000e+04,2.445027181388879001e+01
1.228000000000000000e+04,1.000000000000000000e+04,2.488982436238572760e+01
1.230000000000000000e+04,1.000000000000000000e+04,2.537894070060527696e+01
1.232000000000000000e+04,1.000000000000000000e+04,2.474856341087848222e+01
1.234000000000000000e+04,1.000000000000000000e+04,2.497655387087145584e+01
1.236000000000000000e+04,1.000000000000000000e+04,2.510428236937615765e+01
1.238000000000000000e+04,1.000000000000000000e+04,2.531460369143451317e+01
1.240000000000000000e+04,1.000000000000000000e+04,2.533027609757662901e+01
1.242000000000000000e+04,1.000000000000000000e+04,2.454184615694601845e+01
1.244000000000000000e+04,1.000000000000000000e+04,2.540573279323913525e+01
1.246000000000000000e+04,1.000000000000000000e+04,2.576599421275438573e+01
1.248000000000000000e+04,1.000000000000000000e+04,2.491964274503918730e+01
1.250000000000000000e+04,1.000000000000000000e+04,2.515917180436828460e+01
1.252000000000000000e+04,1.000000000000000000e+04,2.540348907193182271e+01
1.254000000000000000e+04,1.000000000000000000e+04,2.474203822777212025e+01
1.256000000000000000e+04,1.000000000000000000e+04,2.423474054896917806e+01
1.258000000000000000e+04,1.000000000000000000e+04,2.421146631733057220e+01
1.260000000000000000e+04,1.000000000000000000e+04,2.519298411748070876e+01
1.262000000000000000e+04,1.000000000000000000e+04,2.510707632386697696e+01
1.264000000000000000e+04,1.000000000000000000e+04,2.504191133785792900e+01
1.266000000000000000e+04,1.000000000000000000e+04,2.468128699565626150e+01
1.268000000000000000e+04,1.000000000000000000e+04,2.502705150453829930e+01
1.270000000000000000e+04,1.000000000000000000e+04,2.606571464627851142e+01
1.272000000000000000e+04,1.000000000000000000e+04,2.528742271362874661e+01
1.274000000000000000e+04,1.000000000000000000e+04,2.526378465302811094e+01
1.276000000000000000e+04,1.000000000000000000e+04,2.539930888400472497e+01
1.278000000000000000e+04,1.000000000000000000e+04,2.493915766500797915e+01
1.280000000000000000e+04,1.000000000000000000e+04,2.529309301523593945e+01
1.282000000000000000e+04,1.000000000000000000e+04,2.483505218017990757e+01
1.284000000000000000e+04,1.000000000000000000e+04,2.493236011457852541e+01
1.286000000000000000e+04,1.000000000000000000e+04,2.515260172352940060e+01
1.288000000000000000e+04,1.000000000000000000e+04,2.495460215309374163e+01
1.290000000000000000e+04,1.000000000000000000e+04,2.384342415495382284e+01
1.292000000000000000e+04,1.000000000000000000e+04,2.457766339405277023e+01
1.294000000000000000e+04,1.000000000000000000e+04,2.545466932675881111e+01
1.296000000000000000e+04,1.000000000000000000e+04,2.493794814983598229e+01
1.298000000000000000e+04,1.000000000000000000e+04,2.465742897518439136e+01
1.300000000000000000e+04,1.000000000000000000e+04,2.477382775017414573e+01
1.302000000000000000e+04,1.000000000000000000e+04,2.487370881397951194e+01
1.304000000000000000e+04,1.000000000000000000e+04,2.531384590684588076e+01
1.306000000000000000e+04,1.000000000000000000e+04,2.503165959008446606e+01
1.308000000000000000e+04,1.000000000000000000e+04,2.483206529714200528e+01
1.310000000000000000e+04,1.000000000000000000e+04,2.454324544629252713e+01
1.312000000000000000e+04,1.000000000000000000e+04,2.506700759726139083e+01
1.314000000000000000e+04,1.000000000000000000e+04,2.512073690278502625e+01
1.316000000000000000e+04,1.000000000000000000e+04,2.496930473038174014e+01
1.318000000000000000e+04,1.000000000000000000e+04,2.527587159461988975e+01
1.320000000000000000e+04,1.000000000000000000e+04,2.499978816497893064e+01
1.322000000000000000e+04,1.000000000000000000e+04,2.458107526075501426e+01
1.324000000000000000e+04,1.000000000000000000e+04,2.547650421069974769e+01
1.326000000000000000e+04,1.000000000000000000e+04,2.541838632518455299e+01
1.328000000000000000e+04,1.000000000000000000e+04,2.529583234447994755e+01
1.330000000000000000e+04,1.000000000000000000e+04,2.527069515933927235e+01
1.332000000000000000e+04,1.000000000000000000e+04,2.562410854112389558e+01
1.334000000000000000e+04,1.000000000000000000e+04,2.478603443558989028e+01
1.336000000000000000e+04,1.000000000000000000e+04,2.451857165838642061e+01
1.338000000000000000e+04,1.000000000000000000e+04,2.546573408634236557e+01
1.340000000000000000e+04,1.000000000000000000e+04,2.474805696676473588e+01
1.342000000000000000e+04,1.000000000000000000e+04,2.463066807212920750e+01
1.344000000000000000e+04,1.000000000000000000e+04,2.497292207467413405e+01
1.346000000000000000e+04,1.000000000000000000e+04,2.440145654857639457e+01
1.348000000000000000e+04,1.000000000000000000e+04,2.517369765028153239e+01
1.350000000000000000e+04,1.000000000000000000e+04,2.448857210237123283e+01
1.352000000000000000e+04,1.000000000000000000e+04,2.518340441341288383e+01
1.354000000000000000e+04,1.000000000000000000e+04,2.486259948871388659e+01
1.356000000000000000e+04,1.000000000000000000e+04,2.526204160742409144e+01
1.358000000000000000e+04,1.000000000000000000e+04,2.392284049086305231e+01
1.360000000000000000e+04,1.000000000000000000e+04,2.405567228373763911e+01
1.362000000000000000e+04,1.000000000000000000e+04,2.455457845395028116e+01
1.364000000000000000e+04,1.000000000000000000e+04,2.601916847898937846e+01
1.366000000000000000e+04,1.000000000000000000e+04,2.409233070998864790e+01
1.368000000000000000e+04,1.000000000000000000e+04,2.530831389149285826e+01
1.370000000000000000e+04,1.000000000000000000e+04,2.463948726781540088e+01
1.372000000000000000e+04,1.000000000000000000e+04,2.438680925471945216e+01
1.374000000000000000e+04,1.000000000000000000e+04,2.578419312451227086e+01
1.376000000000000000e+04,1.000000000000000000e+04,-3.917867013862010722e-02
1.378000000000000000e+04,1.000000000000000000e+04,4.592882214382835726e-01
1.380000000000000000e+04,1.000000000000000000e+04,-3.327885102964170949e-01
1.382000000000000000e+04,1.000000000000000000e+04,1.664205041375457772e-01
1.384000000000000000e+04,1.000000000000000000e+04,-1.985051429930695388e-01
1.386000000000000000e+04,1.000000000000000000e+04,5.577488068188095616e-01
1.388000000000000000e+04,1.000000000000000000e+04,2.560570492252965957e-01
1.390000000000000000e+04,1.000000000000000000e+04,1.128570271555169729e-01
1.392000000000000000e+04,1.000000000000000000e+04,-7.887734305522582368e-01
1.394000000000000000e+04,1.000000000000000000e+04,1.853355374766045560e-01
1.396000000000000000e+04,1.000000000000000000e+04,9.037139471882947861e-01
1.398000000000000000e+04,1.000000000000000000e+04,-4.327173870102287156e-01
1.400000000000000000e+04,1.000000000000000000e+04,6.864190606947571938e-02
1.402000000000000000e+04,1.000000000000000000e+04,6.124384101140536441e-01
1.404000000000000000e+04,1.000000000000000000e+04,4.771114305053522631e-01
1.406000000000000000e+04,1.000000000000000000e+04,-4.670371586115608098e-01
1.408000000000000000e+04,1.000000000000000000e+04,-4.849991121977683117e-01
1.410000000000000000e+04,1.000000000000000000e+04,4.987363010235147942e-01
1.412000000000000000e+04,1.000000000000000000e+04,6.840642430588605993e-01
1.414000000000000000e+04,1.000000000000000000e+04,-3.009147501242095402e-01
1.416000000000000000e+04,1.000000000000000000e+04,3.853204722212226208e-01
1.418000000000000000e+04,1.000000000000000000e+04,4.624173431230715892e-01
1.420000000000000000e+04,1.000000000000000000e+04,-2.922146435002035414e-01
1.422000000000000000e+04,1.000000000000000000e+04,-1.426642399713621556e-01
1.424000000000000000e+04,1.000000000000000000e+04,-3.818684877620630025e-01
1.426000000000000000e+04,1.000000000000000000e+04,-2.510049823053054352e-01
1.428000000000000000e+04,1.000000000000000000e+04,2.479279372639369913e-02
1.430000000000000000e+04,1.000000000000000000e+04,9.710523725636034387e-01
1.432000000000000000e+04,1.000000000000000000e+04,-5.505983508726047110e-02
1.434000000000000000e+04,1.000000000000000000e+04,1.660118782000022941e-01
1.436000000000000000e+04,1.000000000000000000e+04,9.413192123937642597e-01
1.438000000000000000e+04,1.000000000000000000e+04,1.358394018388500157e-01
1.440000000000000000e+04,1.000000000000000000e+04,4.732679533220635060e-01
1.442000000000000000e+04,1.000000000000000000e+04,1.048138288348245517e+00
1.444000000000000000e+04,1.000000000000000000e+04,2.494159349493615119e-01
1.446000000000000000e+04,1.000000000000000000e+04,-2.186817472663626361e-01
1.448000000000000000e+04,1.000000000000000000e+04,4.109829079290804321e-01
1.450000000000000000e+04,1.000000000000000000e+04,5.668883741904287010e-01
1.452000000000000000e+04,1.000000000000000000e+04,4.818296681249947637e-03
1.454000000000000000e+04,1.000000000000000000e+04,-5.509107150726868518e-01
1.456000000000000000e+04,1.000000000000000000e+04,-6.266213966007145864e-01
1.458000000000000000e+04,1.000000000000000000e+04,4.974301066597943133e-01
1.460000000000000000e+04,1.000000000000000000e+04,-6.638476708884721855e-01
1.462000000000000000e+04,1.000000000000000000e+04,4.466086424650043685e-01
1.464000000000000000e+04,1.000000000000000000e+04,7.962471100451259942e-02
1.466000000000000000e+04,1.000000000000000000e+04,7.803541959385142945e-01
1.468000000000000000e+04,1.000000000000000000e+04,1.144276925927989741e-01
1.470000000000000000e+04,1.000000000000000000e+04,-1.843562007531951985e-01
1.472000000000000000e+04,1.000000000000000000e+04,-5.460435382855753639e-02
1.474000000000000000e+04,1.000000000000000000e+04,-8.500921579628763214e-02
1.476000000000000000e+04,1.000000000000000000e+04,-1.584786547379903043e-01
1.478000000000000000e+04,1.000000000000000000e+04,-4.586113671995615260e-01
1.480000000000000000e+04,1.000000000000000000e+04,2.993471512445877170e-01
1.482000000000000000e+04,1.000000000000000000e+04,1.023310009902030471e+00
1.484000000000000000e+04,1.000000000000000000e+04,-3.069336381412535175e-01
1.486000000000000000e+04,1.000000000000000000e+04,-2.899846429843201956e-01
1.488000000000000000e+04,1.000000000000000000e+04,-2.030691387223070576e-01
1.490000000000000000e+04,1.000000000000000000e+04,5.241323007437660442e-01
1.492000000000000000e+04,1.000000000000000000e+04,-8.059526756242714196e-01
1.494000000000000000e+04,1.000000000000000000e+04,3.842879142221144462e-01
1.496000000000000000e+04,1.000000000000000000e+04,8.666008796573630713e-02
1.498000000000000000e+04,1.000000000000000000e+04,-2.045328399245507911e-01
1.500000000000000000e+04,1.000000000000000000e+04,1.914357731329429657e-01
1.502000000000000000e+04,1.000000000000000000e+04,-8.645115978138290247e-02
1.504000000000000000e+04,1.000000000000000000e+04,-3.517921860398268152e-01
1.506000000000000000e+04,1.000000000000000000e+04,9.439010331095910866e-02
1.508000000000000000e+04,1.000000000000000000e+04,-8.554582695581612883e-01
1.510000000000000000e+04,1.000000000000000000e+04,-9.431375492831897134e-01
1.512000000000000000e+04,1.000000000000000000e+04,8.542391676646463039e-02
1.514000000000000000e+04,1.000000000000000000e+04,-2.379829770070197581e-01
1.516000000000000000e+04,1.000000000000000000e+04,-2.029481944018193540e-01
1.518000000000000000e+04,1.000000000000000000e+04,6.030479671558768295e-01
1.520000000000000000e+04,1.000000000000000000e+04,9.003617670428568642e-01
1.522000000000000000e+04,1.000000000000000000e+04,7.194815682431562331e-01
1.524000000000000000e+04,1.000000000000000000e+04,3.579964670676665239e-01
1.526000000000000000e+04,1.000000000000000000e+04,6.738465943176563666e-02
1.528000000000000000e+04,1.000000000000000000e+04,3.976350475962385222e-01
1.530000000000000000e+04,1.000000000000000000e+04,5.712958864878584508e-01
1.532000000000000000e+04,1.000000000000000000e+04,-6.559124948403981525e-01
1.534000000000000000e+04,1.000000000000000000e+04,-8.416656526690807771e-01
1.536000000000000000e+04,1.000000000000000000e+04,1.228427556858159159e-01
1.538000000000000000e+04,1.000000000000000000e+04,-3.551973905269609905e-02
1.540000000000000000e+04,1.000000000000000000e+04,-3.785306693953695983e-02
1.542000000000000000e+04,1.000000000000000000e+04,-9.588178087329531085e-02
1.544000000000000000e+04,1.000000000000000000e+04,-1.928643205181017062e-01
1.546000000000000000e+04,1.000000000000000000e+04,-4.420434065687660063e-01
1.548000000000000000e+04,1.000000000000000000e+04,3.023025895239064842e-01
1.550000000000000000e+04,1.000000000000000000e+04,-1.285462695268119460e-01
1.552000000000000000e+04,1.000000000000000000e+04,-6.387778417343116244e-01
1.554000000000000000e+04,1.000000000000000000e+04,2.427908283083878849e-01
1.556000000000000000e+04,1.000000000000000000e+04,1.709069050141315965e-02
1.558000000000000000e+04,1.000000000000000000e+04,9.390618395615593639e-02
1.560000000000000000e+04,1.000000000000000000e+04,-6.915730786787066542e-02
1.562000000000000000e+04,1.000000000000000000e+04,-5.181949819762801113e-01
1.564000000000000000e+04,1.000000000000000000e+04,-5.370954243902928971e-01
1.566000000000000000e+04,1.000000000000000000e+04,-2.151004500356816229e-01
1.568000000000000000e+04,1.000000000000000000e+04,-1.045795238464631294e-01
1.570000000000000000e+04,1.000000000000000000e+04,4.915683442278869220e-01
1.572000000000000000e+04,1.000000000000000000e+04,6.211203031188015089e-01
1.574000000000000000e+04,1.000000000000000000e+04,7.063850965932010340e-01
1.576000000000000000e+04,1.000000000000000000e+04,7.765988080715467701e-02
1.578000000000000000e+04,1.000000000000000000e+04,-4.683471681176757939e-01
1.580000000000000000e+04,1.000000000000000000e+04,2.633992289141226517e-01
1.582000000000000000e+04,1.000000000000000000e+04,4.642578728608867111e-01
1.584000000000000000e+04,1.000000000000000000e+04,5.809144802006690478e-01
1.586000000000000000e+04,1.000000000000000000e+04,-2.217981217003351380e-01
1.588000000000000000e+04,1.000000000000000000e+04,7.912449437017415876e-01
1.590000000000000000e+04,1.000000000000000000e+04,-1.344117911574132795e-01
1.592000000000000000e+04,1.000000000000000000e+04,-8.132076228695043207e-01
1.594000000000000000e+04,1.000000000000000000e+04,1.908698015909911228e-01
1.596000000000000000e+04,1.000000000000000000e+04,1.937655779789896338e-01
1.598000000000000000e+04,1.000000000000000000e+04,-7.234917676257884844e-02
1.600000000000000000e+04,1.000000000000000000e+04,6.218698466223346322e-02
1.602000000000000000e+04,1.000000000000000000e+04,-2.638967579569784783e-01
1.604000000000000000e+04,1.000000000000000000e+04,3.973641100521971975e-02
1.606000000000000000e+04,1.000000000000000000e+04,1.716410038291761309e-01
1.608000000000000000e+04,1.000000000000000000e+04,-7.012143539405771286e-02
1.610000000000000000e+04,1.000000000000000000e+04,4.083636093920848253e-01
1.612000000000000000e+04,1.000000000000000000e+04,-3.755571815100832711e-01
1.614000000000000000e+04,1.000000000000000000e+04,-1.790020731386275654e-01
1.616000000000000000e+04,1.000000000000000000e+04,-4.464530815567619992e-01
1.618000000000000000e+04,1.000000000000000000e+04,-1.267839343089534887e-01
1.620000000000000000e+04,1.000000000000000000e+04,3.165255614761798841e-01
1.622000000000000000e+04,1.000000000000000000e+04,5.569197852420841865e-01
1.624000000000000000e+04,1.000000000000000000e+04,9.567467554992445736e-03
1.626000000000000000e+04,1.000000000000000000e+04,2.453334811918690761e+01
1.628000000000000000e+04,1.000000000000000000e+04,2.392813990849800376e+01
1.630000000000000000e+04,1.000000000000000000e+04,2.487621874063028216e+01
1.632000000000000000e+04,1.000000000000000000e+04,2.495595876055038786e+01
1.634000000000000000e+04,1.000000000000000000e+04,2.591199748697156835e+01
1.636000000000000000e+04,1.000000000000000000e+04,2.455014865797549817e+01
1.638000000000000000e+04,1.000000000000000000e+04,2.439992286489587769e+01
1.640000000000000000e+04,1.000000000000000000e+04,2.544732940164173485e+01
1.642000000000000000e+04,1.000000000000000000e+04,2.426714753347044606e+01
1.644000000000000000e+04,1.000000000000000000e+04,2.488790910019192992e+01
1.646000000000000000e+04,1.000000000000000000e+04,2.543851006463154718e+01
1.648000000000000000e+04,1.000000000000000000e+04,2.468901929375411086e+01
1.650000000000000000e+04,1.000000000000000000e+04,2.482303830190187810e+01
1.652000000000000000e+04,1.000000000000000000e+04,2.497893178876323006e+01
1.654000000000000000e+04,1.000000000000000000e+04,2.541847699809828498e+01
1.656000000000000000e+04,1.000000000000000000e+04,2.414173079090619112e+01
1.658000000000000000e+04,1.000000000000000000e+04,2.516452291597208557e+01
1.660000000000000000e+04,1.000000000000000000e+04,2.553918469895873500e+01
1.662000000000000000e+04,1.000000000000000000e+04,2.449500709102049001e+01
1.664000000000000000e+04,1.000000000000000000e+04,2.486877099185772977e+01
1.666000000000000000e+04,1.000000000000000000e+04,2.585826981107020828e+01
1.668000000000000000e+04,1.000000000000000000e+04,2.435303523694157235e+01
1.670000000000000000e+04,1.000000000000000000e+04,2.503091159557838097e+01
1.672000000000000000e+04,1.000000000000000000e+04,2.445508057923096956e+01
1.674000000000000000e+04,1.000000000000000000e+04,2.532300689637634861e+01
1.676000000000000000e+04,1.000000000000000000e+04,2.433501634805847758e+01
1.678000000000000000e+04,1.000000000000000000e+04,2.467239168022958395e+01
1.680000000000000000e+04,1.000000000000000000e+04,2.447354496715780670e+01
1.682000000000000000e+04,1.000000000000000000e+04,2.477751386904470365e+01
1.684000000000000000e+04,1.000000000000000000e+04,2.522651859310791167e+01
1.686000000000000000e+04,1.000000000000000000e+04,2.553925407763701827e+01
1.688000000000000000e+04,1.000000000000000000e+04,2.394633016944053239e+01
1.690000000000000000e+04,1.000000000000000000e+04,2.482241106695736832e+01
1.692000000000000000e+04,1.000000000000000000e+04,2.473044370289272464e+01
1.694000000000000000e+04,1.000000000000000000e+04,2.456081843999983860e+01
1.696000000000000000e+04,1.000000000000000000e+04,2.488192802970802120e+01
1.698000000000000000e+04,1.000000000000000000e+04,2.563126450649919263e+01
1.700000000000000000e+04,1.000000000000000000e+04,2.496624679358809118e+01
1.702000000000000000e+04,1.000000000000000000e+04,2.507245166916017709e+01
1.704000000000000000e+04,1.000000000000000000e+04,2.564454658768360673e+01
1.706000000000000000e+04,1.000000000000000000e+04,2.423474847659461062e+01
1.708000000000000000e+04,1.000000000000000000e+04,2.490311067450763005e+01
1.710000000000000000e+04,1.000000000000000000e+04,2.437693101700999776e+01
1.712000000000000000e+04,1.000000000000000000e+04,2.564486010352714018e+01
1.714000000000000000e+04,1.000000000000000000e+04,2.524592110587819604e+01
1.716000000000000000e+04,1.000000000000000000e+04,2.504560464290255339e+01
1.718000000000000000e+04,1.000000000000000000e+04,2.462525226059413086e+01
1.720000000000000000e+04,1.000000000000000000e+04,2.503592100536722853e+01
1.722000000000000000e+04,1.000000000000000000e+04,2.573444419373789316e+01
1.724000000000000000e+04,1.000000000000000000e+04,2.486772924371599203e+01
1.726000000000000000e+04,1.000000000000000000e+04,2.579413497962111990e+01
1.728000000000000000e+04,1.000000000000000000e+04,2.497689104752534561e+01
1.730000000000000000e+04,1.000000000000000000e+04,2.543578075990874154e+01
1.732000000000000000e+04,1.000000000000000000e+04,2.427733092756765387e+01
1.734000000000000000e+04,1.000000000000000000e+04,2.487752728934225033e+01
1.736000000000000000e+04,1.000000000000000000e+04,2.624716766812701607e+01
1.738000000000000000e+04,1.000000000000000000e+04,2.617304087696919623e+01
1.740000000000000000e+04,1.000000000000000000e+04,2.441057028172903998e+01
1.742000000000000000e+04,1.000000000000000000e+04,2.506735283163028782e+01
1.744000000000000000e+04,1.000000000000000000e+04,2.636768323816364656e+01
1.746000000000000000e+04,1.000000000000000000e+04,2.460519841658879159e+01
1.748000000000000000e+04,1.000000000000000000e+04,2.484094664450836376e+01
1.750000000000000000e+04,1.000000000000000000e+04,2.447396005470853098e+01
1.752000000000000000e+04,1.000000000000000000e+04,2.425163277387651561e+01
1.754000000000000000e+04,1.000000000000000000e+04,2.568523192311987913e+01
1.756000000000000000e+04,1.000000000000000000e+04,2.494073919788977989e+01
1.758000000000000000e+04,1.000000000000000000e+04,2.546117536367136935e+01
1.760000000000000000e+04,1.000000000000000000e+04,2.476180111719803278e+01
1.762000000000000000e+04,1.000000000000000000e+04,2.470952221311137720e+01
1.764000000000000000e+04,1.000000000000000000e+04,2.502802023783767638e+01
1.766000000000000000e+04,1.000000000000000000e+04,2.584372614592988171e+01
1.768000000000000000e+04,1.000000000000000000e+04,2.380746926138695940e+01
1.770000000000000000e+04,1.000000000000000000e+04,2.484630780421840868e+01
1.772000000000000000e+04,1.000000000000000000e+04,2.485246937927759348e+01
1.774000000000000000e+04,1.000000000000000000e+04,2.555719314393233432e+01
1.776000000000000000e+04,1.000000000000000000e+04,2.494879177518305724e+01
1.778000000000000000e+04,1.000000000000000000e+04,2.567220089150128359e+01
1.780000000000000000e+04,1.000000000000000000e+04,2.525763035880624585e+01
1.782000000000000000e+04,1.000000000000000000e+04,2.500850159908819492e+01
1.784000000000000000e+04,1.000000000000000000e+04,2.523475209150319287e+01
1.786000000000000000e+04,1.000000000000000000e+04,2.491523437264352481e+01
1.788000000000000000e+04,1.000000000000000000e+04,2.521107036230738174e+01
1.790000000000000000e+04,1.000000000000000000e+04,2.539405370446912968e+01
1.792000000000000000e+04,1.000000000000000000e+04,2.447561397852736320e+01
1.794000000000000000e+04,1.000000000000000000e+04,2.551886838618462150e+01
1.796000000000000000e+04,1.000000000000000000e+04,2.526645740548865859e+01
1.798000000000000000e+04,1.000000000000000000e+04,2.522431032360596959e+01
1.800000000000000000e+04,1.000000000000000000e+04,2.566929003071639670e+01
1.802000000000000000e+04,1.000000000000000000e+04,2.567947992614623587e+01
1.804000000000000000e+04,1.000000000000000000e+04,2.523507102475485908e+01
1.806000000000000000e+04,1.000000000000000000e+04,2.491811403617663601e+01
1.808000000000000000e+04,1.000000000000000000e+04,2.478790508402683201e+01
1.810000000000000000e+04,1.000000000000000000e+04,2.556285157267258867e+01
1.812000000000000000e+04,1.000000000000000000e+04,2.490599905509830947e+01
1.814000000000000000e+04,1.000000000000000000e+04,2.452440025716722261e+01
1.816000000000000000e+04,1.000000000000000000e+04,2.452797082572446641e+01
1.818000000000000000e+04,1.000000000000000000e+04,2.544998447891626370e+01
1.820000000000000000e+04,1.000000000000000000e+04,2.429814204617363771e+01
1.822000000000000000e+04,1.000000000000000000e+04,2.555663840812833598e+01
1.824000000000000000e+04,1.000000000000000000e+04,2.522050096901514138e+01
1.826000000000000000e+04,1.000000000000000000e+04,2.476304902740685776e+01
1.828000000000000000e+04,1.000000000000000000e+04,2.488880627350205188e+01
1.830000000000000000e+04,1.000000000000000000e+04,2.487791741570163495e+01
1.832000000000000000e+04,1.000000000000000000e+04,2.490881050960308940e+01
1.834000000000000000e+04,1.000000000000000000e+04,2.511516310845750510e+01
1.836000000000000000e+04,1.000000000000000000e+04,2.502016815403210614e+01
1.838000000000000000e+04,1.000000000000000000e+04,2.529854545097227358e+01
1.840000000000000000e+04,1.000000000000000000e+04,2.548872620153955282e+01
1.842000000000000000e+04,1.000000000000000000e+04,2.601565044711052721e+01
1.844000000000000000e+04,1.000000000000000000e+04,2.485419703888220511e+01
1.846000000000000000e+04,1.000000000000000000e+04,2.437577055918259816e+01
1.848000000000000000e+04,1.000000000000000000e+04,2.422512368537031335e+01
1.850000000000000000e+04,1.000000000000000000e+04,2.533307393771024607e+01
1.852000000000000000e+04,1.000000000000000000e+04,2.513646732282047580e+01
1.854000000000000000e+04,1.000000000000000000e+04,2.507574015794018507e+01
1.856000000000000000e+04,1.000000000000000000e+04,2.419900947831990123e+01
1.858000000000000000e+04,1.000000000000000000e+04,2.397124993544700189e+01
1.860000000000000000e+04,1.000000000000000000e+04,2.499629655554005936e+01
1.862000000000000000e+04,1.000000000000000000e+04,2.455985815607667178e+01
1.864000000000000000e+04,1.000000000000000000e+04,2.542680738211593194e+01
1.866000000000000000e+04,1.000000000000000000e+04,2.497056409378982522e+01
1.868000000000000000e+04,1.000000000000000000e+04,2.535409379854989353e+01
1.870000000000000000e+04,1.000000000000000000e+04,2.517292531115890952e+01
1.872000000000000000e+04,1.000000000000000000e+04,2.529617903345481622e+01
1.874000000000000000e+04,1.000000000000000000e+04,2.522950045541215047e+01
1.876000000000000000e+04,1.000000000000000000e+04,-2.814986492005371876e-01
1.878000000000000000e+04,1.000000000000000000e+04,-4.046802131669804403e-01
1.880000000000000000e+04,1.000000000000000000e+04,-3.675921196672174429e-01
1.882000000000000000e+04,1.000000000000000000e+04,-3.686250541067592201e-01
1.884000000000000000e+04,1.000000000000000000e+04,1.547519627923115981e-01
1.886000000000000000e+04,1.000000000000000000e+04,1.531051908257625993e-01
1.888000000000000000e+04,1.000000000000000000e+04,2.840126956299634520e-01
1.890000000000000000e+04,1.000000000000000000e+04,2.778932384348795637e-01
1.892000000000000000e+04,1.000000000000000000e+04,5.486461553095955956e-02
1.894000000000000000e+04,1.000000000000000000e+04,2.263780266646386319e-01
1.896000000000000000e+04,1.000000000000000000e+04,1.003926909981883275e+00
1.898000000000000000e+04,1.000000000000000000e+04,2.693935816392235560e-01
1.900000000000000000e+04,1.000000000000000000e+04,1.314896848994323575e+00
1.902000000000000000e+04,1.000000000000000000e+04,8.297175903799109964e-01
1.904000000000000000e+04,1.000000000000000000e+04,-6.680852420808743863e-01
1.906000000000000000e+04,1.000000000000000000e+04,3.917730057393956078e-01
1.908000000000000000e+04,1.000000000000000000e+04,5.675641406890032103e-02
1.910000000000000000e+04,1.000000000000000000e+04,3.227867378253205799e-01
1.912000000000000000e+04,1.000000000000000000e+04,-5.772544829759214124e-01
1.914000000000000000e+04,1.000000000000000000e+04,-1.905703055877899788e-01
1.916000000000000000e+04,1.000000000000000000e+04,-9.439870816229132267e-01
1.918000000000000000e+04,1.000000000000000000e+04,-3.911662720792151160e-01
1.920000000000000000e+04,1.000000000000000000e+04,-8.901826872564990722e-01
1.922000000000000000e+04,1.000000000000000000e+04,-1.024580218336127169e-01
1.924000000000000000e+04,1.000000000000000000e+04,3.858744106178376709e-01
1.926000000000000000e+04,1.000000000000000000e+04,-5.058429908673546249e-01
1.928000000000000000e+04,1.000000000000000000e+04,-5.786401638443816609e-01
1.930000000000000000e+04,1.000000000000000000e+04,-2.611723080791494289e-01
1.932000000000000000e+04,1.000000000000000000e+04,-2.329740074993873755e-01
1.934000000000000000e+04,1.000000000000000000e+04,-1.863517131202843125e-01
1.936000000000000000e+04,1.000000000000000000e+04,-7.344715590526720850e-02
1.938000000000000000e+04,1.000000000000000000e+04,3.705313747176802175e-01
1.940000000000000000e+04,1.000000000000000000e+04,4.785757013462734744e-01
1.942000000000000000e+04,1.000000000000000000e+04,-4.287547690347038309e-01
1.944000000000000000e+04,1.000000000000000000e+04,-1.923771683770356469e-02
1.946000000000000000e+04,1.000000000000000000e+04,4.284696790108626918e-01
1.948000000000000000e+04,1.000000000000000000e+04,2.795464506077494082e-01
1.950000000000000000e+04,1.000000000000000000e+04,-1.210028100429557218e+00
1.952000000000000000e+04,1.000000000000000000e+04,-5.115380172162645733e-01
1.954000000000000000e+04,1.000000000000000000e+04,3.892203304534035957e-01
1.956000000000000000e+04,1.000000000000000000e+04,-2.781450162866891049e-02
1.958000000000000000e+04,1.000000000000000000e+04,1.152127389518890155e+00
1.960000000000000000e+04,1.000000000000000000e+04,-6.212861532459466041e-01
1.962000000000000000e+04,1.000000000000000000e+04,2.646757601409535643e-01
1.964000000000000000e+04,1.000000000000000000e+04,-9.509678224295025073e-01
1.966000000000000000e+04,1.000000000000000000e+04,2.240029786912808157e-02
1.968000000000000000e+04,1.000000000000000000e+04,-5.857318268021907137e-01
1.970000000000000000e+04,1.000000000000000000e+04,-5.069785042825007970e-01
1.972000000000000000e+04,1.000000000000000000e+04,7.344466745959098430e-01
1.974000000000000000e+04,1.000000000000000000e+04,-3.779784094269910133e-01
1.976000000000000000e+04,1.000000000000000000e+04,-7.733551328415405601e-01
1.978000000000000000e+04,1.000000000000000000e+04,5.694988788840247423e-02
1.980000000000000000e+04,1.000000000000000000e+04,-2.023888478948665803e-01
1.982000000000000000e+04,1.000000000000000000e+04,6.086762229683079228e-01
1.984000000000000000e+04,1.000000000000000000e+04,4.212208611071677211e-01
1.986000000000000000e+04,1.000000000000000000e+04,-3.759554785975829233e-02
1.988000000000000000e+04,1.000000000000000000e+04,4.074317165825567244e-01
1.990000000000000000e+04,1.000000000000000000e+04,-4.206049077459285135e-01
1.992000000000000000e+04,1.000000000000000000e+04,-5.015963196021836629e-02
1.994000000000000000e+04,1.000000000000000000e+04,4.729426908969321386e-01
1.996000000000000000e+04,1.000000000000000000e+04,5.283017795330472799e-04
1.998000000000000000e+04,1.000000000000000000e+04,3.608302739082105415e-01
