0.000000000000000000e+00,1.000000000000000000e+04,7.576701775178010800e-01
2.000000000000000000e+01,1.000000000000000000e+04,-1.248911461061577688e+00
4.000000000000000000e+01,1.000000000000000000e+04,-9.973941856564941810e-01
6.000000000000000000e+01,1.000000000000000000e+04,-4.367132191493679205e-02
8.000000000000000000e+01,1.000000000000000000e+04,-2.911978572656787612e-01
1.000000000000000000e+02,1.000000000000000000e+04,-3.216781577910043377e-01
1.200000000000000000e+02,1.000000000000000000e+04,-4.257935554721096749e-01
1.400000000000000000e+02,1.000000000000000000e+04,9.195645675892790694e-01
1.600000000000000000e+02,1.000000000000000000e+04,1.900122574347455073e-01
1.800000000000000000e+02,1.000000000000000000e+04,-3.189092567034380044e-01
2.000000000000000000e+02,1.000000000000000000e+04,5.643482587917482141e-01
2.200000000000000000e+02,1.000000000000000000e+04,3.308765389448573568e-01
2.400000000000000000e+02,1.000000000000000000e+04,4.953294643269394171e-01
2.600000000000000000e+02,1.000000000000000000e+04,-2.358012025112037613e-01
2.800000000000000000e+02,1.000000000000000000e+04,7.035776581514792127e-01
3.000000000000000000e+02,1.000000000000000000e+04,4.625319531528399586e-01
3.200000000000000000e+02,1.000000000000000000e+04,-4.193709537831116774e-01
3.400000000000000000e+02,1.000000000000000000e+04,-2.171751403562052207e-01
3.600000000000000000e+02,1.000000000000000000e+04,-8.306579264664869511e-01
3.800000000000000000e+02,1.000000000000000000e+04,9.151431971710296542e-01
4.000000000000000000e+02,1.000000000000000000e+04,-7.616894939211189541e-01
4.200000000000000000e+02,1.000000000000000000e+04,-1.759259854005787715e-01
4.400000000000000000e+02,1.000000000000000000e+04,1.347352733682752879e-01
4.600000000000000000e+02,1.000000000000000000e+04,5.049794668355783722e-01
4.800000000000000000e+02,1.000000000000000000e+04,-8.194294057553461741e-01
5.000000000000000000e+02,1.000000000000000000e+04,5.775924377962032841e-01
5.200000000000000000e+02,1.000000000000000000e+04,5.054502864769819803e-01
5.400000000000000000e+02,1.000000000000000000e+04,-1.098782043071422576e+00
5.600000000000000000e+02,1.000000000000000000e+04,6.238511628142210524e-02
5.800000000000000000e+02,1.000000000000000000e+04,1.080838813294565437e+00
6.000000000000000000e+02,1.000000000000000000e+04,6.010875324844860285e-02
6.200000000000000000e+02,1.000000000000000000e+04,-6.768835445524304384e-02
6.400000000000000000e+02,1.000000000000000000e+04,-2.392089313905331471e-01
6.600000000000000000e+02,1.000000000000000000e+04,1.569064423324560142e-01
6.800000000000000000e+02,1.000000000000000000e+04,2.923523975774320466e-02
7.000000000000000000e+02,1.000000000000000000e+04,6.626398301298940252e-01
7.200000000000000000e+02,1.000000000000000000e+04,9.231339447417631350e-01
7.400000000000000000e+02,1.000000000000000000e+04,-3.798689945925525779e-01
7.600000000000000000e+02,1.000000000000000000e+04,1.432245699086140411e-01
7.800000000000000000e+02,1.000000000000000000e+04,-4.501046212878289099e-01
8.000000000000000000e+02,1.000000000000000000e+04,-1.066701289196529512e+00
8.200000000000000000e+02,1.000000000000000000e+04,-3.754804959148707599e-01
8.400000000000000000e+02,1.000000000000000000e+04,2.811955543018836989e-01
8.600000000000000000e+02,1.000000000000000000e+04,-7.524633307835845719e-02
8.800000000000000000e+02,1.000000000000000000e+04,4.513375033812881965e-01
9.000000000000000000e+02,1.000000000000000000e+04,8.260589290056122858e-01
9.200000000000000000e+02,1.000000000000000000e+04,2.682109312362049858e-01
9.400000000000000000e+02,1.000000000000000000e+04,-7.342797806025388452e-01
9.600000000000000000e+02,1.000000000000000000e+04,1.581932627909724554e-01
9.800000000000000000e+02,1.000000000000000000e+04,-7.020682571368880298e-02
1.000000000000000000e+03,1.000000000000000000e+04,-1.562517321026772876e-01
1.020000000000000000e+03,1.000000000000000000e+04,7.393415421176598168e-02
1.040000000000000000e+03,1.000000000000000000e+04,-8.511565650204909739e-01
1.060000000000000000e+03,1.000000000000000000e+04,-1.801937819600303858e-01
1.080000000000000000e+03,1.000000000000000000e+04,-2.882636085972719031e-01
1.100000000000000000e+03,1.000000000000000000e+04,4.576142058188736317e-01
1.120000000000000000e+03,1.000000000000000000e+04,-7.950476523111744687e-01
1.140000000000000000e+03,1.000000000000000000e+04,-5.731884990944586811e-01
1.160000000000000000e+03,1.000000000000000000e+04,-7.585239904095766872e-02
1.180000000000000000e+03,1.000000000000000000e+04,-8.525005958148297591e-02
1.200000000000000000e+03,1.000000000000000000e+04,-1.100504469323311474e+00
1.220000000000000000e+03,1.000000000000000000e+04,-2.710753926772599964e-01
1.240000000000000000e+03,1.000000000000000000e+04,2.388341697790029361e+00
1.260000000000000000e+03,1.000000000000000000e+04,2.317334117115433045e+01
1.280000000000000000e+03,1.000000000000000000e+04,2.527039793689041147e+01
1.300000000000000000e+03,1.000000000000000000e+04,2.444254355420134317e+01
1.320000000000000000e+03,1.000000000000000000e+04,2.452105848231440888e+01
1.340000000000000000e+03,1.000000000000000000e+04,2.423873320792296227e+01
1.360000000000000000e+03,1.000000000000000000e+04,2.499485551644081838e+01
1.380000000000000000e+03,1.000000000000000000e+04,2.505871519429242156e+01
1.400000000000000000e+03,1.000000000000000000e+04,2.495361008087208887e+01
1.420000000000000000e+03,1.000000000000000000e+04,2.546292746101411453e+01
1.440000000000000000e+03,1.000000000000000000e+04,2.549710837263093310e+01
1.460000000000000000e+03,1.000000000000000000e+04,2.522238246152900842e+01
1.480000000000000000e+03,1.000000000000000000e+04,2.535044135998445114e+01
1.500000000000000000e+03,1.000000000000000000e+04,2.503747796077290744e+01
1.520000000000000000e+03,1.000000000000000000e+04,2.498699988596082378e+01
1.540000000000000000e+03,1.000000000000000000e+04,2.498729933870643194e+01
1.560000000000000000e+03,1.000000000000000000e+04,2.526779067603401430e+01
1.580000000000000000e+03,1.000000000000000000e+04,2.497508300384876279e+01
1.600000000000000000e+03,1.000000000000000000e+04,2.573698835957215536e+01
1.620000000000000000e+03,1.000000000000000000e+04,2.424802814506757187e+01
1.640000000000000000e+03,1.000000000000000000e+04,2.486197647584220149e+01
1.660000000000000000e+03,1.000000000000000000e+04,2.419143651388404948e+01
1.680000000000000000e+03,1.000000000000000000e+04,2.485123600944064748e+01
1.700000000000000000e+03,1.000000000000000000e+04,2.538504755240138167e+01
1.720000000000000000e+03,1.000000000000000000e+04,2.514295670859305432e+01
1.740000000000000000e+03,1.000000000000000000e+04,2.515603121925840568e+01
1.760000000000000000e+03,1.000000000000000000e+04,2.477505640254862840e+01
1.780000000000000000e+03,1.000000000000000000e+04,2.520892899016290656e+01
1.800000000000000000e+03,1.000000000000000000e+04,2.531093699495087535e+01
1.820000000000000000e+03,1.000000000000000000e+04,2.498208670414633303e+01
1.840000000000000000e+03,1.000000000000000000e+04,2.599522594970909495e+01
1.860000000000000000e+03,1.000000000000000000e+04,2.499782523628038078e+01
1.880000000000000000e+03,1.000000000000000000e+04,2.574355754485040038e+01
1.900000000000000000e+03,1.000000000000000000e+04,2.512327530580046187e+01
1.920000000000000000e+03,1.000000000000000000e+04,2.583978308981719962e+01
1.940000000000000000e+03,1.000000000000000000e+04,2.533798552406035753e+01
1.960000000000000000e+03,1.000000000000000000e+04,2.547500219103052643e+01
1.980000000000000000e+03,1.000000000000000000e+04,2.500192203812240166e+01
2.000000000000000000e+03,1.000000000000000000e+04,2.451698465916273761e+01
2.020000000000000000e+03,1.000000000000000000e+04,2.549166871594724881e+01
2.040000000000000000e+03,1.000000000000000000e+04,2.466467687216839977e+01
2.060000000000000000e+03,1.000000000000000000e+04,2.522762361766566386e+01
2.080000000000000000e+03,1.000000000000000000e+04,2.594548720171007616e+01
2.100000000000000000e+03,1.000000000000000000e+04,2.495154458038178902e+01
2.120000000000000000e+03,1.000000000000000000e+04,2.461715365822256274e+01
2.140000000000000000e+03,1.000000000000000000e+04,2.550018205763801049e+01
2.160000000000000000e+03,1.000000000000000000e+04,2.509278154607545730e+01
2.180000000000000000e+03,1.000000000000000000e+04,2.554314033957818353e+01
2.200000000000000000e+03,1.000000000000000000e+04,2.492685108051323439e+01
2.220000000000000000e+03,1.000000000000000000e+04,2.418057886929842226e+01
2.240000000000000000e+03,1.000000000000000000e+04,2.550716584067905046e+01
2.260000000000000000e+03,1.000000000000000000e+04,2.526815478450717833e+01
2.280000000000000000e+03,1.000000000000000000e+04,2.492133859393515394e+01
2.300000000000000000e+03,1.000000000000000000e+04,2.497414017546559961e+01
2.320000000000000000e+03,1.000000000000000000e+04,2.542447155061967123e+01
2.340000000000000000e+03,1.000000000000000000e+04,2.441344469279363238e+01
2.360000000000000000e+03,1.000000000000000000e+04,2.466123632390794995e+01
2.380000000000000000e+03,1.000000000000000000e+04,2.496180361643141055e+01
2.400000000000000000e+03,1.000000000000000000e+04,2.480862613787912707e+01
2.420000000000000000e+03,1.000000000000000000e+04,2.524630574519803972e+01
2.440000000000000000e+03,1.000000000000000000e+04,2.407603146410754036e+01
2.460000000000000000e+03,1.000000000000000000e+04,2.457878099750629985e+01
2.480000000000000000e+03,1.000000000000000000e+04,2.391251896734554450e+01
2.500000000000000000e+03,1.000000000000000000e+04,2.516629867178921742e+01
2.520000000000000000e+03,1.000000000000000000e+04,2.489983218572979240e+01
2.540000000000000000e+03,1.000000000000000000e+04,2.567249967525380328e+01
2.560000000000000000e+03,1.000000000000000000e+04,2.468938823739424393e+01
2.580000000000000000e+03,1.000000000000000000e+04,2.458431456485910971e+01
2.600000000000000000e+03,1.000000000000000000e+04,2.505991878462588218e+01
2.620000000000000000e+03,1.000000000000000000e+04,2.555705822084351908e+01
2.640000000000000000e+03,1.000000000000000000e+04,2.455443698172629396e+01
2.660000000000000000e+03,1.000000000000000000e+04,2.543735082675449632e+01
2.680000000000000000e+03,1.000000000000000000e+04,2.573794203111124901e+01
2.700000000000000000e+03,1.000000000000000000e+04,2.504112137252929671e+01
2.720000000000000000e+03,1.000000000000000000e+04,2.547466173472384909e+01
2.740000000000000000e+03,1.000000000000000000e+04,2.535873549050042541e+01
2.760000000000000000e+03,1.000000000000000000e+04,2.500914264865561165e+01
2.780000000000000000e+03,1.000000000000000000e+04,2.564491063448177854e+01
2.800000000000000000e+03,1.000000000000000000e+04,2.567242759070019531e+01
2.820000000000000000e+03,1.000000000000000000e+04,2.458951054578898265e+01
2.840000000000000000e+03,1.000000000000000000e+04,2.490090211173274071e+01
2.860000000000000000e+03,1.000000000000000000e+04,2.480287000362555361e+01
2.880000000000000000e+03,1.000000000000000000e+04,2.451752655309886819e+01
2.900000000000000000e+03,1.000000000000000000e+04,2.508694947019970911e+01
2.920000000000000000e+03,1.000000000000000000e+04,2.471670123978107370e+01
2.940000000000000000e+03,1.000000000000000000e+04,2.506878347788270034e+01
2.960000000000000000e+03,1.000000000000000000e+04,2.510915522483337625e+01
2.980000000000000000e+03,1.000000000000000000e+04,2.548216316831667427e+01
3.000000000000000000e+03,1.000000000000000000e+04,2.434161310554500091e+01
3.020000000000000000e+03,1.000000000000000000e+04,2.509642068792305025e+01
3.040000000000000000e+03,1.000000000000000000e+04,2.502996514073931777e+01
3.060000000000000000e+03,1.000000000000000000e+04,2.571823098653085182e+01
3.080000000000000000e+03,1.000000000000000000e+04,2.432608632479218613e+01
3.100000000000000000e+03,1.000000000000000000e+04,2.430285814194469651e+01
3.120000000000000000e+03,1.000000000000000000e+04,2.442380155331648339e+01
3.140000000000000000e+03,1.000000000000000000e+04,2.480022959686514383e+01
3.160000000000000000e+03,1.000000000000000000e+04,2.514571149896231361e+01
3.180000000000000000e+03,1.000000000000000000e+04,2.573966116232505641e+01
3.200000000000000000e+03,1.000000000000000000e+04,2.577494644383639155e+01
3.220000000000000000e+03,1.000000000000000000e+04,2.537176384019169717e+01
3.240000000000000000e+03,1.000000000000000000e+04,2.576597929426065292e+01
3.260000000000000000e+03,1.000000000000000000e+04,2.443653936336839649e+01
3.280000000000000000e+03,1.000000000000000000e+04,2.557852618248024257e+01
3.300000000000000000e+03,1.000000000000000000e+04,2.472592917427088111e+01
3.320000000000000000e+03,1.000000000000000000e+04,2.448821281031415253e+01
3.340000000000000000e+03,1.000000000000000000e+04,2.499706406238302492e+01
3.360000000000000000e+03,1.000000000000000000e+04,2.524586822123797347e+01
3.380000000000000000e+03,1.000000000000000000e+04,2.463370155753246493e+01
3.400000000000000000e+03,1.000000000000000000e+04,2.534301784211151798e+01
3.420000000000000000e+03,1.000000000000000000e+04,2.518072321278102166e+01
3.440000000000000000e+03,1.000000000000000000e+04,2.549457929680642820e+01
3.460000000000000000e+03,1.000000000000000000e+04,2.575638814202111604e+01
3.480000000000000000e+03,1.000000000000000000e+04,2.541226577798396491e+01
3.500000000000000000e+03,1.000000000000000000e+04,2.460920581191090761e+01
3.520000000000000000e+03,1.000000000000000000e+04,2.420365363925938951e+01
3.540000000000000000e+03,1.000000000000000000e+04,2.526679094960935856e+01
3.560000000000000000e+03,1.000000000000000000e+04,2.449028718117585868e+01
3.580000000000000000e+03,1.000000000000000000e+04,2.443276636587234663e+01
3.600000000000000000e+03,1.000000000000000000e+04,2.525185712799579818e+01
3.620000000000000000e+03,1.000000000000000000e+04,2.508178481679115279e+01
3.640000000000000000e+03,1.000000000000000000e+04,2.440303174049793711e+01
3.660000000000000000e+03,1.000000000000000000e+04,2.462546796455703202e+01
3.680000000000000000e+03,1.000000000000000000e+04,2.476859773577997359e+01
3.700000000000000000e+03,1.000000000000000000e+04,2.441956212643141200e+01
3.720000000000000000e+03,1.000000000000000000e+04,2.401288501709693790e+01
3.740000000000000000e+03,1.000000000000000000e+04,2.165927186188612907e+01
3.760000000000000000e+03,1.000000000000000000e+04,2.356745572362430874e+00
3.780000000000000000e+03,1.000000000000000000e+04,-1.124865761873910554e-02
3.800000000000000000e+03,1.000000000000000000e+04,-1.082205234186488063e+00
3.820000000000000000e+03,1.000000000000000000e+04,-2.987416748783789378e-01
3.840000000000000000e+03,1.000000000000000000e+04,-1.429491431859316319e-01
3.860000000000000000e+03,1.000000000000000000e+04,-2.369649648701352418e-01
3.880000000000000000e+03,1.000000000000000000e+04,-9.128106667999699719e-02
3.900000000000000000e+03,1.000000000000000000e+04,3.146055000847955974e-01
3.920000000000000000e+03,1.000000000000000000e+04,6.962833954576991280e-01
3.940000000000000000e+03,1.000000000000000000e+04,6.097879231093390473e-01
3.960000000000000000e+03,1.000000000000000000e+04,-4.454833508878934811e-01
3.980000000000000000e+03,1.000000000000000000e+04,-5.859420623962516839e-01
4.000000000000000000e+03,1.000000000000000000e+04,-5.359255091053715114e-01
4.020000000000000000e+03,1.000000000000000000e+04,-5.375690474806482655e-01
4.040000000000000000e+03,1.000000000000000000e+04,1.978889335462309940e-01
4.060000000000000000e+03,1.000000000000000000e+04,1.863429691485108119e-01
4.080000000000000000e+03,1.000000000000000000e+04,2.802286442943305866e-01
4.100000000000000000e+03,1.000000000000000000e+04,1.630985364253940695e-01
4.120000000000000000e+03,1.000000000000000000e+04,3.591844905819868705e-01
4.140000000000000000e+03,1.000000000000000000e+04,7.819526089192472273e-01
4.160000000000000000e+03,1.000000000000000000e+04,-3.172521175904877144e-01
4.180000000000000000e+03,1.000000000000000000e+04,9.812415115560315648e-01
4.200000000000000000e+03,1.000000000000000000e+04,-3.259093379636938265e-02
4.220000000000000000e+03,1.000000000000000000e+04,-3.734260211525896045e-01
4.240000000000000000e+03,1.000000000000000000e+04,-5.903549976700114277e-01
4.260000000000000000e+03,1.000000000000000000e+04,2.266725301237839385e-01
4.280000000000000000e+03,1.000000000000000000e+04,-5.928819652168121346e-01
4.300000000000000000e+03,1.000000000000000000e+04,3.248093028611748756e-01
4.320000000000000000e+03,1.000000000000000000e+04,2.436027911149111214e-01
4.340000000000000000e+03,1.000000000000000000e+04,6.733655164829787099e-01
4.360000000000000000e+03,1.000000000000000000e+04,-1.498545639458508161e+00
4.380000000000000000e+03,1.000000000000000000e+04,-6.448877795348037512e-02
4.400000000000000000e+03,1.000000000000000000e+04,-1.389064685215149475e-01
4.420000000000000000e+03,1.000000000000000000e+04,6.142512185926635344e-03
4.440000000000000000e+03,1.000000000000000000e+04,1.273303239308788519e-02
4.460000000000000000e+03,1.000000000000000000e+04,-4.628942001672101125e-01
4.480000000000000000e+03,1.000000000000000000e+04,-9.015704928301910837e-01
4.500000000000000000e+03,1.000000000000000000e+04,-7.065960060324038769e-03
4.520000000000000000e+03,1.000000000000000000e+04,5.156036687168402688e-01
4.540000000000000000e+03,1.000000000000000000e+04,-5.277432730784725745e-01
4.560000000000000000e+03,1.000000000000000000e+04,-5.202332645024927427e-01
4.580000000000000000e+03,1.000000000000000000e+04,1.235597067471931876e+00
4.600000000000000000e+03,1.000000000000000000e+04,-9.552766457293251912e-02
4.620000000000000000e+03,1.000000000000000000e+04,-6.371976279642641572e-01
4.640000000000000000e+03,1.000000000000000000e+04,7.059310964051103143e-01
4.660000000000000000e+03,1.000000000000000000e+04,-1.693422369821459550e-01
4.680000000000000000e+03,1.000000000000000000e+04,-2.478054511865640241e-01
4.700000000000000000e+03,1.000000000000000000e+04,-5.287721346211723406e-01
4.720000000000000000e+03,1.000000000000000000e+04,-3.770617945022586293e-02
4.740000000000000000e+03,1.000000000000000000e+04,-8.818028218717813838e-01
4.760000000000000000e+03,1.000000000000000000e+04,5.649420256458999312e-02
4.780000000000000000e+03,1.000000000000000000e+04,-4.413479152067414923e-01
4.800000000000000000e+03,1.000000000000000000e+04,-5.756012424679214368e-01
4.820000000000000000e+03,1.000000000000000000e+04,1.114788780157417863e-01
4.840000000000000000e+03,1.000000000000000000e+04,1.424880438618263412e+00
4.860000000000000000e+03,1.000000000000000000e+04,1.901893861296736765e-01
4.880000000000000000e+03,1.000000000000000000e+04,-4.765546940740720272e-01
4.900000000000000000e+03,1.000000000000000000e+04,-2.296380114460008781e-01
4.920000000000000000e+03,1.000000000000000000e+04,5.225510296970094920e-02
4.940000000000000000e+03,1.000000000000000000e+04,8.598849735923567161e-01
4.960000000000000000e+03,1.000000000000000000e+04,-1.262144997264224910e+00
4.980000000000000000e+03,1.000000000000000000e+04,1.144210427294061055e-01
5.000000000000000000e+03,1.000000000000000000e+04,-2.152806974027508813e-02
5.020000000000000000e+03,1.000000000000000000e+04,-8.333723695753939564e-01
5.040000000000000000e+03,1.000000000000000000e+04,9.257321875555896140e-02
5.060000000000000000e+03,1.000000000000000000e+04,3.837228185882911591e-01
5.080000000000000000e+03,1.000000000000000000e+04,-6.990555928945665909e-02
5.100000000000000000e+03,1.000000000000000000e+04,-3.780266018150154617e-01
5.120000000000000000e+03,1.000000000000000000e+04,3.398538352222439385e-01
5.140000000000000000e+03,1.000000000000000000e+04,-3.614620664411176132e-01
5.160000000000000000e+03,1.000000000000000000e+04,1.069232299708778172e-01
5.180000000000000000e+03,1.000000000000000000e+04,-5.407191545546815581e-01
5.200000000000000000e+03,1.000000000000000000e+04,2.118621167702655073e-01
5.220000000000000000e+03,1.000000000000000000e+04,8.062596983758058000e-02
5.240000000000000000e+03,1.000000000000000000e+04,-2.338967487283544200e-01
5.260000000000000000e+03,1.000000000000000000e+04,-5.095601943318510685e-01
5.280000000000000000e+03,1.000000000000000000e+04,-2.933689003876139845e-01
5.300000000000000000e+03,1.000000000000000000e+04,-8.159190038852008886e-01
5.320000000000000000e+03,1.000000000000000000e+04,9.546820594730269505e-02
5.340000000000000000e+03,1.000000000000000000e+04,-1.205608146462530783e+00
5.360000000000000000e+03,1.000000000000000000e+04,4.187878894948020014e-01
5.380000000000000000e+03,1.000000000000000000e+04,3.630640201190578065e-01
5.400000000000000000e+03,1.000000000000000000e+04,3.194120832572357460e-01
5.420000000000000000e+03,1.000000000000000000e+04,5.551919805466858371e-01
5.440000000000000000e+03,1.000000000000000000e+04,2.294480166294755319e-01
5.460000000000000000e+03,1.000000000000000000e+04,1.140746468910292105e-01
5.480000000000000000e+03,1.000000000000000000e+04,-5.307960979014075820e-01
5.500000000000000000e+03,1.000000000000000000e+04,6.469580791076887660e-01
5.520000000000000000e+03,1.000000000000000000e+04,-2.788661025735467702e-01
5.540000000000000000e+03,1.000000000000000000e+04,-7.853862729367409035e-01
5.560000000000000000e+03,1.000000000000000000e+04,-2.499066488303777200e-01
5.580000000000000000e+03,1.000000000000000000e+04,8.035600268922348244e-01
5.600000000000000000e+03,1.000000000000000000e+04,1.608282114152126130e-01
5.620000000000000000e+03,1.000000000000000000e+04,7.207513843502845186e-01
5.640000000000000000e+03,1.000000000000000000e+04,3.241560815602606560e-01
5.660000000000000000e+03,1.000000000000000000e+04,-7.368271127200141102e-01
5.680000000000000000e+03,1.000000000000000000e+04,4.718198610430753281e-01
5.700000000000000000e+03,1.000000000000000000e+04,9.053408556427557097e-02
5.720000000000000000e+03,1.000000000000000000e+04,-6.110441571691666018e-01
5.740000000000000000e+03,1.000000000000000000e+04,-2.168069344942090415e-01
5.760000000000000000e+03,1.000000000000000000e+04,-1.368281528142261359e-02
5.780000000000000000e+03,1.000000000000000000e+04,8.408294492090997441e-01
5.800000000000000000e+03,1.000000000000000000e+04,-2.557978685922084883e-01
5.820000000000000000e+03,1.000000000000000000e+04,7.536842627052325883e-01
5.840000000000000000e+03,1.000000000000000000e+04,-5.332849441634041066e-02
5.860000000000000000e+03,1.000000000000000000e+04,2.262995470053146552e-01
5.880000000000000000e+03,1.000000000000000000e+04,7.895568394565346537e-01
5.900000000000000000e+03,1.000000000000000000e+04,-1.834134639949518142e-01
5.920000000000000000e+03,1.000000000000000000e+04,3.102815340144892131e-01
5.940000000000000000e+03,1.000000000000000000e+04,4.407880855292787281e-01
5.960000000000000000e+03,1.000000000000000000e+04,-4.912117050149187869e-01
5.980000000000000000e+03,1.000000000000000000e+04,-6.154505706877832355e-02
6.000000000000000000e+03,1.000000000000000000e+04,-1.857475922743933583e-01
6.020000000000000000e+03,1.000000000000000000e+04,-2.389569592270095744e-01
6.040000000000000000e+03,1.000000000000000000e+04,-3.313243346050382954e-01
6.060000000000000000e+03,1.000000000000000000e+04,-1.888128856959214175e-01
6.080000000000000000e+03,1.000000000000000000e+04,-6.907124454074697883e-01
6.100000000000000000e+03,1.000000000000000000e+04,-4.993522973977424506e-01
6.120000000000000000e+03,1.000000000000000000e+04,-3.782833440593780933e-02
6.140000000000000000e+03,1.000000000000000000e+04,1.918163221548811748e-01
6.160000000000000000e+03,1.000000000000000000e+04,-2.199112305912010457e-01
6.180000000000000000e+03,1.000000000000000000e+04,-1.458755008807960662e-01
6.200000000000000000e+03,1.000000000000000000e+04,9.162318407098835049e-02
6.220000000000000000e+03,1.000000000000000000e+04,-4.210370189253063722e-01
6.240000000000000000e+03,1.000000000000000000e+04,2.777799108614543488e+00
6.260000000000000000e+03,1.000000000000000000e+04,2.233209372293443451e+01
6.280000000000000000e+03,1.000000000000000000e+04,2.628236762878621136e+01
6.300000000000000000e+03,1.000000000000000000e+04,2.501744875300473936e+01
6.320000000000000000e+03,1.000000000000000000e+04,2.388756326140289943e+01
6.340000000000000000e+03,1.000000000000000000e+04,2.451861760647977562e+01
6.360000000000000000e+03,1.000000000000000000e+04,2.525475641192585741e+01
6.380000000000000000e+03,1.000000000000000000e+04,2.493196164050157648e+01
6.400000000000000000e+03,1.000000000000000000e+04,2.498696062130585460e+01
6.420000000000000000e+03,1.000000000000000000e+04,2.473403033861375278e+01
6.440000000000000000e+03,1.000000000000000000e+04,2.516894228490729546e+01
6.460000000000000000e+03,1.000000000000000000e+04,2.501200737818394160e+01
6.480000000000000000e+03,1.000000000000000000e+04,2.561125119895761060e+01
6.500000000000000000e+03,1.000000000000000000e+04,2.499413057514310665e+01
6.520000000000000000e+03,1.000000000000000000e+04,2.482673822921912787e+01
6.540000000000000000e+03,1.000000000000000000e+04,2.507166403523721243e+01
6.560000000000000000e+03,1.000000000000000000e+04,2.531971714391109884e+01
6.580000000000000000e+03,1.000000000000000000e+04,2.433848344833370092e+01
6.600000000000000000e+03,1.000000000000000000e+04,2.493511052980051801e+01
6.620000000000000000e+03,1.000000000000000000e+04,2.481174252811548087e+01
6.640000000000000000e+03,1.000000000000000000e+04,2.469612208673395415e+01
6.660000000000000000e+03,1.000000000000000000e+04,2.490446186281004159e+01
6.680000000000000000e+03,1.000000000000000000e+04,2.434630338418308781e+01
6.700000000000000000e+03,1.000000000000000000e+04,2.460106222520569830e+01
6.720000000000000000e+03,1.000000000000000000e+04,2.503971597443464958e+01
6.740000000000000000e+03,1.000000000000000000e+04,2.489529566586388398e+01
6.760000000000000000e+03,1.000000000000000000e+04,2.462682718629251966e+01
6.780000000000000000e+03,1.000000000000000000e+04,2.562781236376924454e+01
6.800000000000000000e+03,1.000000000000000000e+04,2.555852576864165826e+01
6.820000000000000000e+03,1.000000000000000000e+04,2.420630671711071003e+01
6.840000000000000000e+03,1.000000000000000000e+04,2.512426877286883098e+01
6.860000000000000000e+03,1.000000000000000000e+04,2.563286232854233049e+01
6.880000000000000000e+03,1.000000000000000000e+04,2.546989404784312683e+01
6.900000000000000000e+03,1.000000000000000000e+04,2.477896587853889088e+01
6.920000000000000000e+03,1.000000000000000000e+04,2.465072298028393405e+01
6.940000000000000000e+03,1.000000000000000000e+04,2.552482219967586019e+01
6.960000000000000000e+03,1.000000000000000000e+04,2.489768957991325138e+01
6.980000000000000000e+03,1.000000000000000000e+04,2.503208113650686784e+01
7.000000000000000000e+03,1.000000000000000000e+04,2.505018297245881342e+01
7.020000000000000000e+03,1.000000000000000000e+04,2.530262165437782684e+01
7.040000000000000000e+03,1.000000000000000000e+04,2.457546863520929747e+01
7.060000000000000000e+03,1.000000000000000000e+04,2.477226480934568542e+01
7.080000000000000000e+03,1.000000000000000000e+04,2.506088829646554572e+01
7.100000000000000000e+03,1.000000000000000000e+04,2.400984323850786240e+01
7.120000000000000000e+03,1.000000000000000000e+04,2.535283350801871904e+01
7.140000000000000000e+03,1.000000000000000000e+04,2.622357511812870712e+01
7.160000000000000000e+03,1.000000000000000000e+04,2.480867267478772575e+01
7.180000000000000000e+03,1.000000000000000000e+04,2.469691744789997401e+01
7.200000000000000000e+03,1.000000000000000000e+04,2.472887738453108497e+01
7.220000000000000000e+03,1.000000000000000000e+04,2.482243504461278150e+01
7.240000000000000000e+03,1.000000000000000000e+04,2.523922422831897805e+01
7.260000000000000000e+03,1.000000000000000000e+04,2.432785278228338299e+01
7.280000000000000000e+03,1.000000000000000000e+04,2.528893731618534346e+01
7.300000000000000000e+03,1.000000000000000000e+04,2.492692787457604098e+01
7.320000000000000000e+03,1.000000000000000000e+04,2.615947457757949124e+01
7.340000000000000000e+03,1.000000000000000000e+04,2.462004663451808995e+01
7.360000000000000000e+03,1.000000000000000000e+04,2.508781456221325712e+01
7.380000000000000000e+03,1.000000000000000000e+04,2.537035152524138937e+01
7.400000000000000000e+03,1.000000000000000000e+04,2.387823780183201450e+01
7.420000000000000000e+03,1.000000000000000000e+04,2.510505111113786114e+01
7.440000000000000000e+03,1.000000000000000000e+04,2.511869122754207950e+01
7.460000000000000000e+03,1.000000000000000000e+04,2.483620609328818318e+01
7.480000000000000000e+03,1.000000000000000000e+04,2.491746725528648554e+01
7.500000000000000000e+03,1.000000000000000000e+04,2.470004448806314556e+01
7.520000000000000000e+03,1.000000000000000000e+04,2.550201856308968118e+01
7.540000000000000000e+03,1.000000000000000000e+04,2.547324722270227682e+01
7.560000000000000000e+03,1.000000000000000000e+04,2.459160842514531353e+01
7.580000000000000000e+03,1.000000000000000000e+04,2.513250364576914464e+01
7.600000000000000000e+03,1.000000000000000000e+04,2.533763995307255357e+01
7.620000000000000000e+03,1.000000000000000000e+04,2.549375825912785842e+01
7.640000000000000000e+03,1.000000000000000000e+04,2.549074615434710367e+01
7.660000000000000000e+03,1.000000000000000000e+04,2.467360092939526339e+01
7.680000000000000000e+03,1.000000000000000000e+04,2.409834845174559348e+01
7.700000000000000000e+03,1.000000000000000000e+04,2.525001855081833568e+01
7.720000000000000000e+03,1.000000000000000000e+04,2.589514194180029705e+01
7.740000000000000000e+03,1.000000000000000000e+04,2.503522760542519165e+01
7.760000000000000000e+03,1.000000000000000000e+04,2.538413045242626964e+01
7.780000000000000000e+03,1.000000000000000000e+04,2.473994883915127474e+01
7.800000000000000000e+03,1.000000000000000000e+04,2.449170215199375633e+01
7.820000000000000000e+03,1.000000000000000000e+04,2.644676772892687922e+01
7.840000000000000000e+03,1.000000000000000000e+04,2.458186460098285053e+01
7.860000000000000000e+03,1.000000000000000000e+04,2.477577468956196682e+01
7.880000000000000000e+03,1.000000000000000000e+04,2.443916489921506496e+01
7.900000000000000000e+03,1.000000000000000000e+04,2.452016467914359055e+01
7.920000000000000000e+03,1.000000000000000000e+04,2.544165833723873860e+01
7.940000000000000000e+03,1.000000000000000000e+04,2.514617780336930863e+01
7.960000000000000000e+03,1.000000000000000000e+04,2.524202208932069169e+01
7.980000000000000000e+03,1.000000000000000000e+04,2.458347877953681504e+01
8.000000000000000000e+03,1.000000000000000000e+04,2.467573996872881636e+01
8.020000000000000000e+03,1.000000000000000000e+04,2.432695298960661034e+01
8.040000000000000000e+03,1.000000000000000000e+04,2.528877945727018428e+01
8.060000000000000000e+03,1.000000000000000000e+04,2.495473632290304522e+01
8.080000000000000000e+03,1.000000000000000000e+04,2.467758392905972542e+01
8.100000000000000000e+03,1.000000000000000000e+04,2.476283522463792153e+01
8.120000000000000000e+03,1.000000000000000000e+04,2.585540403877072535e+01
8.140000000000000000e+03,1.000000000000000000e+04,2.481558680602441314e+01
8.160000000000000000e+03,1.000000000000000000e+04,2.442184035689404453e+01
8.180000000000000000e+03,1.000000000000000000e+04,2.516416413531380414e+01
8.200000000000000000e+03,1.000000000000000000e+04,2.485753010717652600e+01
8.220000000000000000e+03,1.000000000000000000e+04,2.544824672445825797e+01
8.240000000000000000e+03,1.000000000000000000e+04,2.501212765766670998e+01
8.260000000000000000e+03,1.000000000000000000e+04,2.538732970809917688e+01
8.280000000000000000e+03,1.000000000000000000e+04,2.534067110167070069e+01
8.300000000000000000e+03,1.000000000000000000e+04,2.414417618141856536e+01
8.320000000000000000e+03,1.000000000000000000e+04,2.434713544365859761e+01
8.340000000000000000e+03,1.000000000000000000e+04,2.409721299996102317e+01
8.360000000000000000e+03,1.000000000000000000e+04,2.530742880594094757e+01
8.380000000000000000e+03,1.000000000000000000e+04,2.426121916292267144e+01
8.400000000000000000e+03,1.000000000000000000e+04,2.480741957390370445e+01
8.420000000000000000e+03,1.000000000000000000e+04,2.579899246453529571e+01
8.440000000000000000e+03,1.000000000000000000e+04,2.435119478929153303e+01
8.460000000000000000e+03,1.000000000000000000e+04,2.521177452666049135e+01
8.480000000000000000e+03,1.000000000000000000e+04,2.484534818762222130e+01
8.500000000000000000e+03,1.000000000000000000e+04,2.494903095597356923e+01
8.520000000000000000e+03,1.000000000000000000e+04,2.493854970340610677e+01
8.540000000000000000e+03,1.000000000000000000e+04,2.441051907750983574e+01
8.560000000000000000e+03,1.000000000000000000e+04,2.504563866307637809e+01
8.580000000000000000e+03,1.000000000000000000e+04,2.513505454681629914e+01
8.600000000000000000e+03,1.000000000000000000e+04,2.448246094409882900e+01
8.620000000000000000e+03,1.000000000000000000e+04,2.532823500092312941e+01
8.640000000000000000e+03,1.000000000000000000e+04,2.612091006825440687e+01
8.660000000000000000e+03,1.000000000000000000e+04,2.504506300666833951e+01
8.680000000000000000e+03,1.000000000000000000e+04,2.558505400232265004e+01
8.700000000000000000e+03,1.000000000000000000e+04,2.495550599845889650e+01
8.720000000000000000e+03,1.000000000000000000e+04,2.484774459700135907e+01
8.740000000000000000e+03,1.000000000000000000e+04,2.219321462578211168e+01
8.760000000000000000e+03,1.000000000000000000e+04,2.961451991564496566e+00
8.780000000000000000e+03,1.000000000000000000e+04,9.970211325450620832e-01
8.800000000000000000e+03,1.000000000000000000e+04,1.002768990288126494e+00
8.820000000000000000e+03,1.000000000000000000e+04,-4.855833529916352975e-01
8.840000000000000000e+03,1.000000000000000000e+04,2.566048513646133067e-01
8.860000000000000000e+03,1.000000000000000000e+04,3.301086261765960594e-02
8.880000000000000000e+03,1.000000000000000000e+04,-8.518881255670025521e-01
8.900000000000000000e+03,1.000000000000000000e+04,1.001250846340128176e-01
8.920000000000000000e+03,1.000000000000000000e+04,5.223877204737129576e-01
8.940000000000000000e+03,1.000000000000000000e+04,-8.915615494380607631e-02
8.960000000000000000e+03,1.000000000000000000e+04,4.396388354242996011e-01
8.980000000000000000e+03,1.000000000000000000e+04,3.599451638513125329e-01
9.000000000000000000e+03,1.000000000000000000e+04,1.099280616196868371e-01
9.020000000000000000e+03,1.000000000000000000e+04,5.156386171932138968e-02
9.040000000000000000e+03,1.000000000000000000e+04,-3.106162997466739850e-01
9.060000000000000000e+03,1.000000000000000000e+04,-1.802765710279191358e-01
9.080000000000000000e+03,1.000000000000000000e+04,-2.379678529466257852e-01
9.100000000000000000e+03,1.000000000000000000e+04,-3.103352026375663653e-01
9.120000000000000000e+03,1.000000000000000000e+04,4.500247396215913964e-01
9.140000000000000000e+03,1.000000000000000000e+04,1.892173989386489175e-01
9.160000000000000000e+03,1.000000000000000000e+04,-3.258761714864192305e-01
9.180000000000000000e+03,1.000000000000000000e+04,5.304479329872565652e-01
9.200000000000000000e+03,1.000000000000000000e+04,-4.206244271173303906e-01
9.220000000000000000e+03,1.000000000000000000e+04,-2.651588122968786057e-02
9.240000000000000000e+03,1.000000000000000000e+04,-5.333537363821262423e-01
9.260000000000000000e+03,1.000000000000000000e+04,-3.194373420129910102e-01
9.280000000000000000e+03,1.000000000000000000e+04,2.498755011977867868e-01
9.300000000000000000e+03,1.000000000000000000e+04,3.175049808141260921e-01
9.320000000000000000e+03,1.000000000000000000e+04,-1.026502591141027931e+00
9.340000000000000000e+03,1.000000000000000000e+04,8.817013583045937297e-01
9.360000000000000000e+03,1.000000000000000000e+04,5.480693553370310500e-01
9.380000000000000000e+03,1.000000000000000000e+04,-1.513165117725351339e-01
9.400000000000000000e+03,1.000000000000000000e+04,-1.406833788160570531e-01
9.420000000000000000e+03,1.000000000000000000e+04,3.888456841192519109e-01
9.440000000000000000e+03,1.000000000000000000e+04,2.759081697757219120e-01
9.460000000000000000e+03,1.000000000000000000e+04,6.605675651761500067e-01
9.480000000000000000e+03,1.000000000000000000e+04,-2.102857205432931142e-01
9.500000000000000000e+03,1.000000000000000000e+04,5.263132234272752674e-01
9.520000000000000000e+03,1.000000000000000000e+04,-2.457755722507351248e-01
9.540000000000000000e+03,1.000000000000000000e+04,2.406571322447815797e-01
9.560000000000000000e+03,1.000000000000000000e+04,5.739730447862544382e-01
9.580000000000000000e+03,1.000000000000000000e+04,-6.805216301757148756e-01
9.600000000000000000e+03,1.000000000000000000e+04,2.760635458899198258e-01
9.620000000000000000e+03,1.000000000000000000e+04,5.505191281673280090e-02
9.640000000000000000e+03,1.000000000000000000e+04,1.643348917741755399e-01
9.660000000000000000e+03,1.000000000000000000e+04,-1.162670819874323247e-01
9.680000000000000000e+03,1.000000000000000000e+04,7.374183394604161279e-01
9.700000000000000000e+03,1.000000000000000000e+04,-1.371430058446115041e-01
9.720000000000000000e+03,1.000000000000000000e+04,1.091126035822190671e-01
9.740000000000000000e+03,1.000000000000000000e+04,-8.446392998512894379e-02
9.760000000000000000e+03,1.000000000000000000e+04,6.581687756810631340e-01
9.780000000000000000e+03,1.000000000000000000e+04,8.524622628369319180e-03
9.800000000000000000e+03,1.000000000000000000e+04,2.629252710074664323e-02
9.820000000000000000e+03,1.000000000000000000e+04,-6.866481589702789767e-01
9.840000000000000000e+03,1.000000000000000000e+04,-4.044042105871674571e-03
9.860000000000000000e+03,1.000000000000000000e+04,4.219012343442706814e-01
9.880000000000000000e+03,1.000000000000000000e+04,8.586020950522732509e-01
9.900000000000000000e+03,1.000000000000000000e+04,9.697243747038490902e-01
9.920000000000000000e+03,1.000000000000000000e+04,2.108508272599891598e-01
9.940000000000000000e+03,1.000000000000000000e+04,-3.753962521647557504e-01
9.960000000000000000e+03,1.000000000000000000e+04,-4.903154094004148478e-01
9.980000000000000000e+03,1.000000000000000000e+04,4.520331523966781839e-01
1.000000000000000000e+04,1.000000000000000000e+04,2.147846134368875948e-01
1.002000000000000000e+04,1.000000000000000000e+04,-7.817276890741231554e-01
1.004000000000000000e+04,1.000000000000000000e+04,1.522318437353026299e-01
1.006000000000000000e+04,1.000000000000000000e+04,-4.415091945608150270e-02
1.008000000000000000e+04,1.000000000000000000e+04,-5.083811526352288723e-01
1.010000000000000000e+04,1.000000000000000000e+04,1.159037496871102579e+00
1.012000000000000000e+04,1.000000000000000000e+04,-6.333843925008498799e-01
1.014000000000000000e+04,1.000000000000000000e+04,-5.328173349520691771e-01
1.016000000000000000e+04,1.000000000000000000e+04,-1.208966689392364957e+00
1.018000000000000000e+04,1.000000000000000000e+04,1.227061485454842144e-01
1.020000000000000000e+04,1.000000000000000000e+04,2.747150408803651356e-01
1.022000000000000000e+04,1.000000000000000000e+04,-2.219434239764537520e-01
1.024000000000000000e+04,1.000000000000000000e+04,-4.104344285807807191e-01
1.026000000000000000e+04,1.000000000000000000e+04,3.196657572801442915e-01
1.028000000000000000e+04,1.000000000000000000e+04,4.072942185036615426e-01
1.030000000000000000e+04,1.000000000000000000e+04,9.206105034518652364e-02
1.032000000000000000e+04,1.000000000000000000e+04,4.381521981610901895e-01
1.034000000000000000e+04,1.000000000000000000e+04,-1.711913962905752817e-01
1.036000000000000000e+04,1.000000000000000000e+04,-3.186765602047441637e-01
1.038000000000000000e+04,1.000000000000000000e+04,-2.790580998966079029e-01
1.040000000000000000e+04,1.000000000000000000e+04,-7.338728538760197484e-01
1.042000000000000000e+04,1.000000000000000000e+04,-4.057156802118923600e-01
1.044000000000000000e+04,1.000000000000000000e+04,6.446079309915485334e-02
1.046000000000000000e+04,1.000000000000000000e+04,1.323332613588228623e+00
1.048000000000000000e+04,1.000000000000000000e+04,1.468223591641404195e-02
1.050000000000000000e+04,1.000000000000000000e+04,-3.843624600441865047e-01
1.052000000000000000e+04,1.000000000000000000e+04,-3.726413676028298982e-01
1.054000000000000000e+04,1.000000000000000000e+04,4.446215042010426832e-01
1.056000000000000000e+04,1.000000000000000000e+04,-1.083191740312038770e-01
1.058000000000000000e+04,1.000000000000000000e+04,-1.850524872055491765e-01
1.060000000000000000e+04,1.000000000000000000e+04,-6.700342334239561826e-02
1.062000000000000000e+04,1.000000000000000000e+04,1.555493988510930348e-01
1.064000000000000000e+04,1.000000000000000000e+04,-9.732791346626318285e-01
1.066000000000000000e+04,1.000000000000000000e+04,4.362648565951010582e-01
1.068000000000000000e+04,1.000000000000000000e+04,7.260245582122274444e-01
1.070000000000000000e+04,1.000000000000000000e+04,-5.479720674786173751e-01
1.072000000000000000e+04,1.000000000000000000e+04,5.204071136804804265e-01
1.074000000000000000e+04,1.000000000000000000e+04,-3.387903443018797089e-01
1.076000000000000000e+04,1.000000000000000000e+04,4.210061542622021702e-01
1.078000000000000000e+04,1.000000000000000000e+04,1.918870807298609926e-01
1.080000000000000000e+04,1.000000000000000000e+04,7.891367968241976838e-01
1.082000000000000000e+04,1.000000000000000000e+04,-3.576829101881823930e-02
1.084000000000000000e+04,1.000000000000000000e+04,4.964186866198415649e-01
1.086000000000000000e+04,1.000000000000000000e+04,-2.619380152125497796e-01
1.088000000000000000e+04,1.000000000000000000e+04,3.759462034438289524e-01
1.090000000000000000e+04,1.000000000000000000e+04,-2.513100375485695648e-01
1.092000000000000000e+04,1.000000000000000000e+04,-8.326322601808151536e-01
1.094000000000000000e+04,1.000000000000000000e+04,-7.790698654607931539e-01
1.096000000000000000e+04,1.000000000000000000e+04,2.137509715306327163e-01
1.098000000000000000e+04,1.000000000000000000e+04,2.156821634770627605e-01
1.100000000000000000e+04,1.000000000000000000e+04,1.794839558978494065e-01
1.102000000000000000e+04,1.000000000000000000e+04,-1.155995792130312394e-01
1.104000000000000000e+04,1.000000000000000000e+04,-1.918903606769704617e-01
1.106000000000000000e+04,1.000000000000000000e+04,1.202463127478931693e+00
1.108000000000000000e+04,1.000000000000000000e+04,1.932190089816415157e-01
1.110000000000000000e+04,1.000000000000000000e+04,-1.980434454869980654e-01
1.112000000000000000e+04,1.000000000000000000e+04,3.024882510781150627e-02
1.114000000000000000e+04,1.000000000000000000e+04,2.415861668644240234e-01
1.116000000000000000e+04,1.000000000000000000e+04,-7.983905183553674512e-02
1.118000000000000000e+04,1.000000000000000000e+04,-4.669626832639493519e-01
1.120000000000000000e+04,1.000000000000000000e+04,-9.575230480145814349e-01
1.122000000000000000e+04,1.000000000000000000e+04,3.421642443048036886e-01
1.124000000000000000e+04,1.000000000000000000e+04,1.026213460968776303e+00
1.126000000000000000e+04,1.000000000000000000e+04,2.332813274210146304e+01
1.128000000000000000e+04,1.000000000000000000e+04,2.487037212111969708e+01
1.130000000000000000e+04,1.000000000000000000e+04,2.518596124546169079e+01
1.132000000000000000e+04,1.000000000000000000e+04,2.478037063889298963e+01
1.134000000000000000e+04,1.000000000000000000e+04,2.481917637198299431e+01
1.136000000000000000e+04,1.000000000000000000e+04,2.515618982099507761e+01
1.138000000000000000e+04,1.000000000000000000e+04,2.494641618996064736e+01
1.140000000000000000e+04,1.000000000000000000e+04,2.467417489833439959e+01
1.142000000000000000e+04,1.000000000000000000e+04,2.504186782148359569e+01
1.144000000000000000e+04,1.000000000000000000e+04,2.578768591007700550e+01
1.146000000000000000e+04,1.000000000000000000e+04,2.534034413973908073e+01
1.148000000000000000e+04,1.000000000000000000e+04,2.449124210927324086e+01
1.150000000000000000e+04,1.000000000000000000e+04,2.606321239920170640e+01
1.152000000000000000e+04,1.000000000000000000e+04,2.417289835795804009e+01
1.154000000000000000e+04,1.000000000000000000e+04,2.506580375820118789e+01
1.156000000000000000e+04,1.000000000000000000e+04,2.500862706140296154e+01
1.158000000000000000e+04,1.000000000000000000e+04,2.550011551850263913e+01
1.160000000000000000e+04,1.000000000000000000e+04,2.424395723325035945e+01
1.162000000000000000e+04,1.000000000000000000e+04,2.379448653477843578e+01
1.164000000000000000e+04,1.000000000000000000e+04,2.472706704281106127e+01
1.166000000000000000e+04,1.000000000000000000e+04,2.556884389274060254e+01
1.168000000000000000e+04,1.000000000000000000e+04,2.523573718840837543e+01
1.170000000000000000e+04,1.000000000000000000e+04,2.493074022403617462e+01
1.172000000000000000e+04,1.000000000000000000e+04,2.528061659200610478e+01
1.174000000000000000e+04,1.000000000000000000e+04,2.537324626121118598e+01
1.176000000000000000e+04,1.000000000000000000e+04,2.557253210256530807e+01
1.178000000000000000e+04,1.000000000000000000e+04,2.585749150404672392e+01
1.180000000000000000e+04,1.000000000000000000e+04,2.616479189185485410e+01
1.182000000000000000e+04,1.000000000000000000e+04,2.377676929090333857e+01
1.184000000000000000e+04,1.000000000000000000e+04,2.526049982774894787e+01
1.186000000000000000e+04,1.000000000000000000e+04,2.567090041314830984e+01
1.188000000000000000e+04,1.000000000000000000e+04,2.447525280918691593e+01
1.190000000000000000e+04,1.000000000000000000e+04,2.507878241116983631e+01
1.192000000000000000e+04,1.000000000000000000e+04,2.514130993480038256e+01
1.194000000000000000e+04,1.000000000000000000e+04,2.478111400180774027e+01
1.196000000000000000e+04,1.000000000000000000e+04,2.513189956813389614e+01
1.198000000000000000e+04,1.000000000000000000e+04,2.488177617963089006e+01
1.200000000000000000e+04,1.000000000000000000e+04,2.453271009915484413e+01
1.202000000000000000e+04,1.000000000000000000e+04,2.510891005088834405e+01
1.204000000000000000e+04,1.000000000000000000e+04,2.405781809031106633e+01
1.206000000000000000e+04,1.000000000000000000e+04,2.555279591840942288e+01
1.208000000000000000e+04,1.000000000000000000e+04,2.579552333735438197e+01
1.210000000000000000e+04,1.000000000000000000e+04,2.489340396912717779e+01
1.212000000000000000e+04,1.000000000000000000e+04,2.487854677115655733e+01
1.214000000000000000e+04,1.000000000000000000e+04,2.535542374018672973e+01
1.216000000000000000e+04,1.000000000000000000e+04,2.497705051338210325e+01
1.218000000000000000e+04,1.000000000000000000e+04,2.481225873786225478e+01
1.220000000000000000e+04,1.000000000000000000e+04,2.555205341034757183e+01
1.222000000000000000e+04,1.000000000000000000e+04,2.500224801018013920e+01
1.224000000000000000e+04,1.000000000000000000e+04,2.503556069176734056e+01
1.226000000000000000e+04,1.000000000000000000e+04,2.471190493008352362e+01
1.228000000000000000e+04,1.000000000000000000e+04,2.513211361444844272e+01
1.230000000000000000e+04,1.000000000000000000e+04,2.426957458849093996e+01
1.232000000000000000e+04,1.000000000000000000e+04,2.607001562564858332e+01
1.234000000000000000e+04,1.000000000000000000e+04,2.529716142399841416e+01
1.236000000000000000e+04,1.000000000000000000e+04,2.552154058131594283e+01
1.238000000000000000e+04,1.000000000000000000e+04,2.569663807919748777e+01
1.240000000000000000e+04,1.000000000000000000e+04,2.557480772301916261e+01
1.242000000000000000e+04,1.000000000000000000e+04,2.494082294488975293e+01
1.244000000000000000e+04,1.000000000000000000e+04,2.412845274314177146e+01
1.246000000000000000e+04,1.000000000000000000e+04,2.512268381892060631e+01
1.248000000000000000e+04,1.000000000000000000e+04,2.503854797045088887e+01
1.250000000000000000e+04,1.000000000000000000e+04,2.567935314936732283e+01
1.252000000000000000e+04,1.000000000000000000e+04,2.380259665992072371e+01
1.254000000000000000e+04,1.000000000000000000e+04,2.539939627748982431e+01
1.256000000000000000e+04,1.000000000000000000e+04,2.502989029790549580e+01
1.258000000000000000e+04,1.000000000000000000e+04,2.511472592728368980e+01
1.260000000000000000e+04,1.000000000000000000e+04,2.610202016954843529e+01
1.262000000000000000e+04,1.000000000000000000e+04,2.490753211586693183e+01
1.264000000000000000e+04,1.000000000000000000e+04,2.562262027660789698e+01
1.266000000000000000e+04,1.000000000000000000e+04,2.505421957679310552e+01
1.268000000000000000e+04,1.000000000000000000e+04,2.599419601077716635e+01
1.270000000000000000e+04,1.000000000000000000e+04,2.488023269614217270e+01
1.272000000000000000e+04,1.000000000000000000e+04,2.520598892699265292e+01
1.274000000000000000e+04,1.000000000000000000e+04,2.475727518833496887e+01
1.276000000000000000e+04,1.000000000000000000e+04,2.396339112631865476e+01
1.278000000000000000e+04,1.000000000000000000e+04,2.416695122609490909e+01
1.280000000000000000e+04,1.000000000000000000e+04,2.471467529635824789e+01
1.282000000000000000e+04,1.000000000000000000e+04,2.441202028319879602e+01
1.284000000000000000e+04,1.000000000000000000e+04,2.546424547686958206e+01
1.286000000000000000e+04,1.000000000000000000e+04,2.434247997773646688e+01
1.288000000000000000e+04,1.000000000000000000e+04,2.508703174987230611e+01
1.290000000000000000e+04,1.000000000000000000e+04,2.493818128741637352e+01
1.292000000000000000e+04,1.000000000000000000e+04,2.522910750012160008e+01
1.294000000000000000e+04,1.000000000000000000e+04,2.543454046314350236e+01
1.296000000000000000e+04,1.000000000000000000e+04,2.518884100223931810e+01
1.298000000000000000e+04,1.000000000000000000e+04,2.447919181127998556e+01
1.300000000000000000e+04,1.000000000000000000e+04,2.504305173872849721e+01
1.302000000000000000e+04,1.000000000000000000e+04,2.464361558894808724e+01
1.304000000000000000e+04,1.000000000000000000e+04,2.511265102809229433e+01
1.306000000000000000e+04,1.000000000000000000e+04,2.500473613576308196e+01
1.308000000000000000e+04,1.000000000000000000e+04,2.523766905803967120e+01
1.310000000000000000e+04,1.000000000000000000e+04,2.430756153358723992e+01
1.312000000000000000e+04,1.000000000000000000e+04,2.536470410501041073e+01
1.314000000000000000e+04,1.000000000000000000e+04,2.506347012996418755e+01
1.316000000000000000e+04,1.000000000000000000e+04,2.520495461305645435e+01
1.318000000000000000e+04,1.000000000000000000e+04,2.482743230234486376e+01
1.320000000000000000e+04,1.000000000000000000e+04,2.461343797498657437e+01
1.322000000000000000e+04,1.000000000000000000e+04,2.461683596593291412e+01
1.324000000000000000e+04,1.000000000000000000e+04,2.488383087692381324e+01
1.326000000000000000e+04,1.000000000000000000e+04,2.503406051631782603e+01
1.328000000000000000e+04,1.000000000000000000e+04,2.499254147635965850e+01
1.330000000000000000e+04,1.000000000000000000e+04,2.578004114019943671e+01
1.332000000000000000e+04,1.000000000000000000e+04,2.488637968752004426e+01
1.334000000000000000e+04,1.000000000000000000e+04,2.524950625162830420e+01
1.336000000000000000e+04,1.000000000000000000e+04,2.478466791501949729e+01
1.338000000000000000e+04,1.000000000000000000e+04,2.521020502650655004e+01
1.340000000000000000e+04,1.000000000000000000e+04,2.533398860031937971e+01
1.342000000000000000e+04,1.000000000000000000e+04,2.583158235616360088e+01
1.344000000000000000e+04,1.000000000000000000e+04,2.538127626668677195e+01
1.346000000000000000e+04,1.000000000000000000e+04,2.508530757460063398e+01
1.348000000000000000e+04,1.000000000000000000e+04,2.486600135895501040e+01
1.350000000000000000e+04,1.000000000000000000e+04,2.498782793257395696e+01
1.352000000000000000e+04,1.000000000000000000e+04,2.448520369770426797e+01
1.354000000000000000e+04,1.000000000000000000e+04,2.517647716002750613e+01
1.356000000000000000e+04,1.000000000000000000e+04,2.499443355530768329e+01
1.358000000000000000e+04,1.000000000000000000e+04,2.415571533984287456e+01
1.360000000000000000e+04,1.000000000000000000e+04,2.497811121778728705e+01
1.362000000000000000e+04,1.000000000000000000e+04,2.539310295030659503e+01
1.364000000000000000e+04,1.000000000000000000e+04,2.448043283304266993e+01
1.366000000000000000e+04,1.000000000000000000e+04,2.450867825439389236e+01
1.368000000000000000e+04,1.000000000000000000e+04,2.538223269237772328e+01
1.370000000000000000e+04,1.000000000000000000e+04,2.390570071015967457e+01
1.372000000000000000e+04,1.000000000000000000e+04,2.547793331481799939e+01
1.374000000000000000e+04,1.000000000000000000e+04,2.253376133865070585e+01
1.376000000000000000e+04,1.000000000000000000e+04,2.791400054704044731e+00
1.378000000000000000e+04,1.000000000000000000e+04,5.711664716604120118e-01
1.380000000000000000e+04,1.000000000000000000e+04,4.020014983102982997e-01
1.382000000000000000e+04,1.000000000000000000e+04,-9.203207248890877823e-01
1.384000000000000000e+04,1.000000000000000000e+04,-3.869988547125910450e-01
1.386000000000000000e+04,1.000000000000000000e+04,6.630026279800903255e-02
1.388000000000000000e+04,1.000000000000000000e+04,1.023731349584263262e+00
1.390000000000000000e+04,1.000000000000000000e+04,-7.555946511845963443e-01
1.392000000000000000e+04,1.000000000000000000e+04,9.133760479381650144e-02
1.394000000000000000e+04,1.000000000000000000e+04,8.641599053702480422e-04
1.396000000000000000e+04,1.000000000000000000e+04,7.115748834030856118e-01
1.398000000000000000e+04,1.000000000000000000e+04,7.152057734945255207e-02
1.400000000000000000e+04,1.000000000000000000e+04,-5.854551690330184882e-02
1.402000000000000000e+04,1.000000000000000000e+04,-4.310720928577767008e-01
1.404000000000000000e+04,1.000000000000000000e+04,3.786659023686140407e-02
1.406000000000000000e+04,1.000000000000000000e+04,4.020542348568577617e-01
1.408000000000000000e+04,1.000000000000000000e+04,1.164079056580259314e-01
1.410000000000000000e+04,1.000000000000000000e+04,-6.375677365556204901e-01
1.412000000000000000e+04,1.000000000000000000e+04,-4.359906470135836015e-02
1.414000000000000000e+04,1.000000000000000000e+04,-1.439389125782268575e-01
1.416000000000000000e+04,1.000000000000000000e+04,-8.090051290049482535e-01
1.418000000000000000e+04,1.000000000000000000e+04,3.542945371666119114e-01
1.420000000000000000e+04,1.000000000000000000e+04,4.124004255819208042e-01
1.422000000000000000e+04,1.000000000000000000e+04,6.246239791371377414e-01
1.424000000000000000e+04,1.000000000000000000e+04,-3.663793489733002118e-01
1.426000000000000000e+04,1.000000000000000000e+04,-2.406253999067388682e-01
1.428000000000000000e+04,1.000000000000000000e+04,3.325051507561476161e-01
1.430000000000000000e+04,1.000000000000000000e+04,-6.796738062868455943e-01
1.432000000000000000e+04,1.000000000000000000e+04,-1.957408718007988269e-01
1.434000000000000000e+04,1.000000000000000000e+04,-1.643763636626096869e-01
1.436000000000000000e+04,1.000000000000000000e+04,-3.220029287936107543e-02
1.438000000000000000e+04,1.000000000000000000e+04,-2.511739794090252498e-01
1.440000000000000000e+04,1.000000000000000000e+04,1.681274531543196504e-01
1.442000000000000000e+04,1.000000000000000000e+04,1.713936973968878952e-01
1.444000000000000000e+04,1.000000000000000000e+04,1.714795444520028911e-01
1.446000000000000000e+04,1.000000000000000000e+04,-5.529822911875433011e-03
1.448000000000000000e+04,1.000000000000000000e+04,-1.225986505485515465e+00
1.450000000000000000e+04,1.000000000000000000e+04,3.905857173483998079e-01
1.452000000000000000e+04,1.000000000000000000e+04,1.353163712324942036e+00
1.454000000000000000e+04,1.000000000000000000e+04,-3.442068615954075317e-01
1.456000000000000000e+04,1.000000000000000000e+04,-7.388483221958446201e-01
1.458000000000000000e+04,1.000000000000000000e+04,4.964691567757730795e-01
1.460000000000000000e+04,1.000000000000000000e+04,-2.641694821079259570e-01
1.462000000000000000e+04,1.000000000000000000e+04,3.896202662928355820e-01
1.464000000000000000e+04,1.000000000000000000e+04,1.535223850082768349e-01
1.466000000000000000e+04,1.000000000000000000e+04,3.718827313431772308e-01
1.468000000000000000e+04,1.000000000000000000e+04,7.559974751001987681e-01
1.470000000000000000e+04,1.000000000000000000e+04,1.604389501416028929e-01
1.472000000000000000e+04,1.000000000000000000e+04,1.130091871834638662e+00
1.474000000000000000e+04,1.000000000000000000e+04,-4.366241294130473460e-01
1.476000000000000000e+04,1.000000000000000000e+04,1.308551863227661038e-01
1.478000000000000000e+04,1.000000000000000000e+04,-1.527015992166781966e-01
1.480000000000000000e+04,1.000000000000000000e+04,1.114651108639732879e-01
1.482000000000000000e+04,1.000000000000000000e+04,3.556023812175593823e-01
1.484000000000000000e+04,1.000000000000000000e+04,-2.367666401688505173e-01
1.486000000000000000e+04,1.000000000000000000e+04,-1.347397677808595540e-01
1.488000000000000000e+04,1.000000000000000000e+04,5.722427553555677893e-01
1.490000000000000000e+04,1.000000000000000000e+04,2.270768239342086658e-01
1.492000000000000000e+04,1.000000000000000000e+04,1.634077725815571702e-01
1.494000000000000000e+04,1.000000000000000000e+04,-3.560926602753424763e-01
1.496000000000000000e+04,1.000000000000000000e+04,4.610517376186477612e-01
1.498000000000000000e+04,1.000000000000000000e+04,-6.733544106291985964e-02
1.500000000000000000e+04,1.000000000000000000e+04,7.475015764207668667e-01
1.502000000000000000e+04,1.000000000000000000e+04,-4.280258466355065239e-01
1.504000000000000000e+04,1.000000000000000000e+04,-6.108754143139587950e-02
1.506000000000000000e+04,1.000000000000000000e+04,-6.548960296930960157e-01
1.508000000000000000e+04,1.000000000000000000e+04,4.221688545270883830e-02
1.510000000000000000e+04,1.000000000000000000e+04,4.886690609724370776e-02
1.512000000000000000e+04,1.000000000000000000e+04,-5.312593240589125188e-01
1.514000000000000000e+04,1.000000000000000000e+04,-4.691187620409031922e-01
1.516000000000000000e+04,1.000000000000000000e+04,2.116979938427495656e-01
1.518000000000000000e+04,1.000000000000000000e+04,2.530968238585383778e-01
1.520000000000000000e+04,1.000000000000000000e+04,-3.765742276026941004e-01
1.522000000000000000e+04,1.000000000000000000e+04,4.222969813632497793e-01
1.524000000000000000e+04,1.000000000000000000e+04,5.206511771535241584e-01
1.526000000000000000e+04,1.000000000000000000e+04,5.289682232716991228e-01
1.528000000000000000e+04,1.000000000000000000e+04,7.735901384646550749e-01
1.530000000000000000e+04,1.000000000000000000e+04,-3.039043748151287749e-01
1.532000000000000000e+04,1.000000000000000000e+04,-2.436318347751296326e-02
1.534000000000000000e+04,1.000000000000000000e+04,1.185913483673991728e-02
1.536000000000000000e+04,1.000000000000000000e+04,-1.840943560825564485e-01
1.538000000000000000e+04,1.000000000000000000e+04,-7.770596340854159234e-02
1.540000000000000000e+04,1.000000000000000000e+04,-2.457484943349271256e-01
1.542000000000000000e+04,1.000000000000000000e+04,1.241310965115490633e-01
1.544000000000000000e+04,1.000000000000000000e+04,8.120273943357100843e-02
1.546000000000000000e+04,1.000000000000000000e+04,-1.318386178249008056e+00
1.548000000000000000e+04,1.000000000000000000e+04,9.603219849149606802e-01
1.550000000000000000e+04,1.000000000000000000e+04,-2.194617996823836625e-01
1.552000000000000000e+04,1.000000000000000000e+04,-8.733857598983119433e-03
1.554000000000000000e+04,1.000000000000000000e+04,-6.404790089451288804e-01
1.556000000000000000e+04,1.000000000000000000e+04,5.806173867848750669e-01
1.558000000000000000e+04,1.000000000000000000e+04,-1.297423958024994557e-02
1.560000000000000000e+04,1.000000000000000000e+04,2.426017372837394048e-01
1.562000000000000000e+04,1.000000000000000000e+04,6.810318979702111308e-01
1.564000000000000000e+04,1.000000000000000000e+04,-1.538683071365577471e-01
1.566000000000000000e+04,1.000000000000000000e+04,-2.528874563931502450e-01
1.568000000000000000e+04,1.000000000000000000e+04,6.368899051670375844e-01
1.570000000000000000e+04,1.000000000000000000e+04,2.138222871427409577e-01
1.572000000000000000e+04,1.000000000000000000e+04,-3.513766717793841837e-02
1.574000000000000000e+04,1.000000000000000000e+04,-2.049623572433835195e-01
1.576000000000000000e+04,1.000000000000000000e+04,2.571679930433777295e-01
1.578000000000000000e+04,1.000000000000000000e+04,3.064659597395111290e-02
1.580000000000000000e+04,1.000000000000000000e+04,-2.096438967839904630e-04
1.582000000000000000e+04,1.000000000000000000e+04,7.022169605556812799e-01
1.584000000000000000e+04,1.000000000000000000e+04,-5.573911915528181327e-01
1.586000000000000000e+04,1.000000000000000000e+04,8.876640547520954216e-01
1.588000000000000000e+04,1.000000000000000000e+04,4.325863063613313853e-01
1.590000000000000000e+04,1.000000000000000000e+04,5.726316110389636505e-01
1.592000000000000000e+04,1.000000000000000000e+04,-1.694233214705285762e-01
1.594000000000000000e+04,1.000000000000000000e+04,6.077621955556715694e-01
1.596000000000000000e+04,1.000000000000000000e+04,-3.167315718673994751e-01
1.598000000000000000e+04,1.000000000000000000e+04,2.105837511969572418e-01
1.600000000000000000e+04,1.000000000000000000e+04,-1.235411148425479694e-01
1.602000000000000000e+04,1.000000000000000000e+04,6.444431774048045014e-01
1.604000000000000000e+04,1.000000000000000000e+04,7.631596999297618478e-02
1.606000000000000000e+04,1.000000000000000000e+04,1.592356835612902255e-01
1.608000000000000000e+04,1.000000000000000000e+04,-1.109563641057583538e+00
1.610000000000000000e+04,1.000000000000000000e+04,-7.086662264202643335e-01
1.612000000000000000e+04,1.000000000000000000e+04,-1.873394209691703893e-01
1.614000000000000000e+04,1.000000000000000000e+04,3.817207778521704564e-01
1.616000000000000000e+04,1.000000000000000000e+04,-3.145790030422934147e-01
1.618000000000000000e+04,1.000000000000000000e+04,-6.354884103695638276e-01
1.620000000000000000e+04,1.000000000000000000e+04,-7.767394521036438126e-01
1.622000000000000000e+04,1.000000000000000000e+04,-8.693438446962225008e-01
1.624000000000000000e+04,1.000000000000000000e+04,2.425403526569767543e+00
1.626000000000000000e+04,1.000000000000000000e+04,2.288124288320057431e+01
1.628000000000000000e+04,1.000000000000000000e+04,2.519192507911639112e+01
1.630000000000000000e+04,1.000000000000000000e+04,2.473519412662752615e+01
1.632000000000000000e+04,1.000000000000000000e+04,2.432017636132468397e+01
1.634000000000000000e+04,1.000000000000000000e+04,2.465209409074013536e+01
1.636000000000000000e+04,1.000000000000000000e+04,2.567900667411623772e+01
1.638000000000000000e+04,1.000000000000000000e+04,2.461101940027961277e+01
1.640000000000000000e+04,1.000000000000000000e+04,2.425316009252137661e+01
1.642000000000000000e+04,1.000000000000000000e+04,2.547316755060144899e+01
1.644000000000000000e+04,1.000000000000000000e+04,2.515509433134316453e+01
1.646000000000000000e+04,1.000000000000000000e+04,2.484824928893116436e+01
1.648000000000000000e+04,1.000000000000000000e+04,2.413269875875431936e+01
1.650000000000000000e+04,1.000000000000000000e+04,2.593341283412694054e+01
1.652000000000000000e+04,1.000000000000000000e+04,2.654701206033569960e+01
1.654000000000000000e+04,1.000000000000000000e+04,2.510106767717897824e+01
1.656000000000000000e+04,1.000000000000000000e+04,2.577470010206211981e+01
1.658000000000000000e+04,1.000000000000000000e+04,2.484931005973212592e+01
1.660000000000000000e+04,1.000000000000000000e+04,2.573343300889642293e+01
1.662000000000000000e+04,1.000000000000000000e+04,2.531727327876270195e+01
1.664000000000000000e+04,1.000000000000000000e+04,2.525111477908511404e+01
1.666000000000000000e+04,1.000000000000000000e+04,2.480582160276547299e+01
1.668000000000000000e+04,1.000000000000000000e+04,2.556700467930156151e+01
1.670000000000000000e+04,1.000000000000000000e+04,2.485236173644824120e+01
1.672000000000000000e+04,1.000000000000000000e+04,2.511961486261488830e+01
1.674000000000000000e+04,1.000000000000000000e+04,2.449485811408423430e+01
1.676000000000000000e+04,1.000000000000000000e+04,2.458052531389369832e+01
1.678000000000000000e+04,1.000000000000000000e+04,2.535514187673479469e+01
1.680000000000000000e+04,1.000000000000000000e+04,2.575342434937237002e+01
1.682000000000000000e+04,1.000000000000000000e+04,2.453022956913277497e+01
1.684000000000000000e+04,1.000000000000000000e+04,2.601043964838510902e+01
1.686000000000000000e+04,1.000000000000000000e+04,2.376462168519254092e+01
1.688000000000000000e+04,1.000000000000000000e+04,2.515485791032181595e+01
1.690000000000000000e+04,1.000000000000000000e+04,2.536318165340101771e+01
1.692000000000000000e+04,1.000000000000000000e+04,2.544865164452198414e+01
1.694000000000000000e+04,1.000000000000000000e+04,2.467065147832764183e+01
1.696000000000000000e+04,1.000000000000000000e+04,2.410854136090796729e+01
1.698000000000000000e+04,1.000000000000000000e+04,2.552856783734608825e+01
1.700000000000000000e+04,1.000000000000000000e+04,2.456741503446825448e+01
1.702000000000000000e+04,1.000000000000000000e+04,2.519012457484677725e+01
1.704000000000000000e+04,1.000000000000000000e+04,2.466455811165352330e+01
1.706000000000000000e+04,1.000000000000000000e+04,2.466464202964710850e+01
1.708000000000000000e+04,1.000000000000000000e+04,2.551692838297725530e+01
1.710000000000000000e+04,1.000000000000000000e+04,2.519828501089203243e+01
1.712000000000000000e+04,1.000000000000000000e+04,2.426032347935728239e+01
1.714000000000000000e+04,1.000000000000000000e+04,2.499515109115696987e+01
1.716000000000000000e+04,1.000000000000000000e+04,2.426019670579401932e+01
1.718000000000000000e+04,1.000000000000000000e+04,2.492285596850832974e+01
1.720000000000000000e+04,1.000000000000000000e+04,2.496920205267658233e+01
1.722000000000000000e+04,1.000000000000000000e+04,2.455444129391702290e+01
1.724000000000000000e+04,1.000000000000000000e+04,2.438041919686732939e+01
1.726000000000000000e+04,1.000000000000000000e+04,2.594355223474959260e+01
1.728000000000000000e+04,1.000000000000000000e+04,2.471541706243335668e+01
1.730000000000000000e+04,1.000000000000000000e+04,2.546924548161483770e+01
1.732000000000000000e+04,1.000000000000000000e+04,2.575703105485851196e+01
1.734000000000000000e+04,1.000000000000000000e+04,2.689351581298960880e+01
1.736000000000000000e+04,1.000000000000000000e+04,2.477966060912432766e+01
1.738000000000000000e+04,1.000000000000000000e+04,2.409982680613108386e+01
1.740000000000000000e+04,1.000000000000000000e+04,2.526026324482698016e+01
1.742000000000000000e+04,1.000000000000000000e+04,2.521706916069551596e+01
1.744000000000000000e+04,1.000000000000000000e+04,2.486447419560538208e+01
1.746000000000000000e+04,1.000000000000000000e+04,2.490517600289712874e+01
1.748000000000000000e+04,1.000000000000000000e+04,2.522736127517893934e+01
1.750000000000000000e+04,1.000000000000000000e+04,2.501266485018597763e+01
1.752000000000000000e+04,1.000000000000000000e+04,2.448017632310211056e+01
1.754000000000000000e+04,1.000000000000000000e+04,2.525610856280260563e+01
1.756000000000000000e+04,1.000000000000000000e+04,2.475169646929272460e+01
1.758000000000000000e+04,1.000000000000000000e+04,2.463185785105693881e+01
1.760000000000000000e+04,1.000000000000000000e+04,2.472329255912117318e+01
1.762000000000000000e+04,1.000000000000000000e+04,2.496364988811889063e+01
1.764000000000000000e+04,1.000000000000000000e+04,2.499474514287937765e+01
1.766000000000000000e+04,1.000000000000000000e+04,2.549263573145178796e+01
1.768000000000000000e+04,1.000000000000000000e+04,2.561512453516025545e+01
1.770000000000000000e+04,1.000000000000000000e+04,2.474098285262925856e+01
1.772000000000000000e+04,1.000000000000000000e+04,2.522120445854847048e+01
1.774000000000000000e+04,1.000000000000000000e+04,2.446216402681955771e+01
1.776000000000000000e+04,1.000000000000000000e+04,2.439425436157387850e+01
1.778000000000000000e+04,1.000000000000000000e+04,2.552763567031995606e+01
1.780000000000000000e+04,1.000000000000000000e+04,2.535895930422734779e+01
1.782000000000000000e+04,1.000000000000000000e+04,2.457432353307970274e+01
1.784000000000000000e+04,1.000000000000000000e+04,2.499946876608657576e+01
1.786000000000000000e+04,1.000000000000000000e+04,2.411441736998448704e+01
1.788000000000000000e+04,1.000000000000000000e+04,2.546806228820622664e+01
1.790000000000000000e+04,1.000000000000000000e+04,2.500458492115472353e+01
1.792000000000000000e+04,1.000000000000000000e+04,2.486287378803390880e+01
1.794000000000000000e+04,1.000000000000000000e+04,2.501889266924875699e+01
1.796000000000000000e+04,1.000000000000000000e+04,2.504435464769074926e+01
1.798000000000000000e+04,1.000000000000000000e+04,2.484828070652387666e+01
1.800000000000000000e+04,1.000000000000000000e+04,2.501682395829783090e+01
1.802000000000000000e+04,1.000000000000000000e+04,2.511322255974981132e+01
1.804000000000000000e+04,1.000000000000000000e+04,2.480210605188277029e+01
1.806000000000000000e+04,1.000000000000000000e+04,2.505657623594112238e+01
1.808000000000000000e+04,1.000000000000000000e+04,2.456686369512598134e+01
1.810000000000000000e+04,1.000000000000000000e+04,2.539079683834145840e+01
1.812000000000000000e+04,1.000000000000000000e+04,2.497418417854589023e+01
1.814000000000000000e+04,1.000000000000000000e+04,2.573800708419589967e+01
1.816000000000000000e+04,1.000000000000000000e+04,2.513152830258782444e+01
1.818000000000000000e+04,1.000000000000000000e+04,2.416865039799668224e+01
1.820000000000000000e+04,1.000000000000000000e+04,2.588658014988995504e+01
1.822000000000000000e+04,1.000000000000000000e+04,2.417539766813600721e+01
1.824000000000000000e+04,1.000000000000000000e+04,2.502833139883821900e+01
1.826000000000000000e+04,1.000000000000000000e+04,2.456163581110318006e+01
1.828000000000000000e+04,1.000000000000000000e+04,2.482609988430300874e+01
1.830000000000000000e+04,1.000000000000000000e+04,2.510905115710343694e+01
1.832000000000000000e+04,1.000000000000000000e+04,2.516759628578477859e+01
1.834000000000000000e+04,1.000000000000000000e+04,2.514700109411401385e+01
1.836000000000000000e+04,1.000000000000000000e+04,2.382235368765488204e+01
1.838000000000000000e+04,1.000000000000000000e+04,2.425862350888540675e+01
1.840000000000000000e+04,1.000000000000000000e+04,2.529209686344378483e+01
1.842000000000000000e+04,1.000000000000000000e+04,2.474707481571991607e+01
1.844000000000000000e+04,1.000000000000000000e+04,2.456261285502182545e+01
1.846000000000000000e+04,1.000000000000000000e+04,2.487845779486887920e+01
1.848000000000000000e+04,1.000000000000000000e+04,2.486568403226603508e+01
1.850000000000000000e+04,1.000000000000000000e+04,2.492844921155848326e+01
1.852000000000000000e+04,1.000000000000000000e+04,2.429621160944070368e+01
1.854000000000000000e+04,1.000000000000000000e+04,2.462839135105400246e+01
1.856000000000000000e+04,1.000000000000000000e+04,2.533694227782027042e+01
1.858000000000000000e+04,1.000000000000000000e+04,2.516028682355427648e+01
1.860000000000000000e+04,1.000000000000000000e+04,2.560026004597070681e+01
1.862000000000000000e+04,1.000000000000000000e+04,2.442416224966341431e+01
1.864000000000000000e+04,1.000000000000000000e+04,2.421650622660398966e+01
1.866000000000000000e+04,1.000000000000000000e+04,2.507839233986240046e+01
1.868000000000000000e+04,1.000000000000000000e+04,2.528400729521003143e+01
1.870000000000000000e+04,1.000000000000000000e+04,2.486529235397897608e+01
1.872000000000000000e+04,1.000000000000000000e+04,2.484990282329708577e+01
1.874000000000000000e+04,1.000000000000000000e+04,2.269179303882088305e+01
1.876000000000000000e+04,1.000000000000000000e+04,2.548917878581428820e+00
1.878000000000000000e+04,1.000000000000000000e+04,-3.861185991539663881e-02
1.880000000000000000e+04,1.000000000000000000e+04,2.642926091610514616e-01
1.882000000000000000e+04,1.000000000000000000e+04,3.323923435592664177e-02
1.884000000000000000e+04,1.000000000000000000e+04,-4.486107403909821989e-01
1.886000000000000000e+04,1.000000000000000000e+04,-9.094111092129998353e-01
1.888000000000000000e+04,1.000000000000000000e+04,7.321822014133345657e-01
1.890000000000000000e+04,1.000000000000000000e+04,-7.536881148038042655e-01
1.892000000000000000e+04,1.000000000000000000e+04,4.126713024159795462e-01
1.894000000000000000e+04,1.000000000000000000e+04,8.332426299222984722e-01
1.896000000000000000e+04,1.000000000000000000e+04,9.308370154514880590e-02
1.898000000000000000e+04,1.000000000000000000e+04,-5.716541395993372798e-02
1.900000000000000000e+04,1.000000000000000000e+04,1.381275501874580369e-01
1.902000000000000000e+04,1.000000000000000000e+04,5.037149653632854163e-01
1.904000000000000000e+04,1.000000000000000000e+04,7.098026241638923095e-02
1.906000000000000000e+04,1.000000000000000000e+04,1.326929367544766106e-02
1.908000000000000000e+04,1.000000000000000000e+04,1.010175624189955323e+00
1.910000000000000000e+04,1.000000000000000000e+04,4.891570576168695061e-01
1.912000000000000000e+04,1.000000000000000000e+04,-8.373207289053036240e-01
1.914000000000000000e+04,1.000000000000000000e+04,2.052716940969492032e-01
1.916000000000000000e+04,1.000000000000000000e+04,3.809534348827955941e-01
1.918000000000000000e+04,1.000000000000000000e+04,4.317886212360326770e-01
1.920000000000000000e+04,1.000000000000000000e+04,-5.382183065754914120e-01
1.922000000000000000e+04,1.000000000000000000e+04,3.988403880251349953e-01
1.924000000000000000e+04,1.000000000000000000e+04,-2.331399979228221675e-01
1.926000000000000000e+04,1.000000000000000000e+04,-7.777416142458553061e-01
1.928000000000000000e+04,1.000000000000000000e+04,-8.876265501992380846e-01
1.930000000000000000e+04,1.000000000000000000e+04,-6.017126007552312528e-01
1.932000000000000000e+04,1.000000000000000000e+04,2.896003511636904282e-01
1.934000000000000000e+04,1.000000000000000000e+04,3.082603464810140248e-01
1.936000000000000000e+04,1.000000000000000000e+04,-5.174867737773325427e-02
1.938000000000000000e+04,1.000000000000000000e+04,-2.388125847817371417e-01
1.940000000000000000e+04,1.000000000000000000e+04,-1.852912818584789498e-02
1.942000000000000000e+04,1.000000000000000000e+04,2.206942572374823164e-01
1.944000000000000000e+04,1.000000000000000000e+04,4.507843428417951936e-01
1.946000000000000000e+04,1.000000000000000000e+04,-6.677684724247147097e-01
1.948000000000000000e+04,1.000000000000000000e+04,7.271040756729727494e-01
1.950000000000000000e+04,1.000000000000000000e+04,-3.187534034993592669e-01
1.952000000000000000e+04,1.000000000000000000e+04,-2.514762821186830033e-01
1.954000000000000000e+04,1.000000000000000000e+04,-2.414671718431281866e-01
1.956000000000000000e+04,1.000000000000000000e+04,-7.591762138982499630e-02
1.958000000000000000e+04,1.000000000000000000e+04,5.169428315138555607e-01
1.960000000000000000e+04,1.000000000000000000e+04,2.623910361328262164e-01
1.962000000000000000e+04,1.000000000000000000e+04,-8.652830901039111622e-02
1.964000000000000000e+04,1.000000000000000000e+04,-6.391717157412076800e-01
1.966000000000000000e+04,1.000000000000000000e+04,2.413111470825638483e-01
1.968000000000000000e+04,1.000000000000000000e+04,-1.543827453784215598e-01
1.970000000000000000e+04,1.000000000000000000e+04,3.440298783075544931e-01
1.972000000000000000e+04,1.000000000000000000e+04,-6.369538869346375032e-01
1.974000000000000000e+04,1.000000000000000000e+04,-3.360638179335242448e-01
1.976000000000000000e+04,1.000000000000000000e+04,3.373883155188129312e-01
1.978000000000000000e+04,1.000000000000000000e+04,6.227111845707616888e-01
1.980000000000000000e+04,1.000000000000000000e+04,-8.219452559465302566e-02
1.982000000000000000e+04,1.000000000000000000e+04,8.345715694031694554e-01
1.984000000000000000e+04,1.000000000000000000e+04,4.191844845285507271e-01
1.986000000000000000e+04,1.000000000000000000e+04,-6.692905073492708690e-01
1.988000000000000000e+04,1.000000000000000000e+04,8.734803608935768349e-01
1.990000000000000000e+04,1.000000000000000000e+04,-1.184451258858811445e-01
1.992000000000000000e+04,1.000000000000000000e+04,7.305978429945131358e-01
1.994000000000000000e+04,1.000000000000000000e+04,9.080188202941339437e-01
1.996000000000000000e+04,1.000000000000000000e+04,-9.166191279429808034e-03
1.998000000000000000e+04,1.000000000000000000e+04,6.139319720841531769e-01
