-0.0092239583;2.6248041e-07;
-0.0092110907;2.5773076e-07;
-0.009198223;2.5467451e-07;
-0.0091853554;2.5988185e-07;
-0.0091724877;2.5993092e-07;
-0.0091596201;2.6150454e-07;
-0.0091467525;2.5543249e-07;
-0.0091338848;2.5821298e-07;
-0.0091210172;2.5986456e-07;
-0.0091081495;2.6257431e-07;
-0.0090952819;2.6479756e-07;
-0.0090824142;2.6469939e-07;
-0.0090695466;2.6547609e-07;
-0.0090566789;2.5796903e-07;
-0.0090438113;2.600537e-07;
-0.0090309436;2.6045216e-07;
-0.009018076;2.6175867e-07;
-0.0090052083;2.5920341e-07;
-0.0089923407;2.6250794e-07;
-0.008979473;2.5514961e-07;
-0.0089666054;2.5754322e-07;
-0.0089537377;2.6029484e-07;
-0.0089408701;2.6393866e-07;
-0.0089280025;2.638275e-07;
-0.0089151348;2.6180927e-07;
-0.0089022672;2.6049553e-07;
-0.0088893995;2.6059659e-07;
-0.0088765319;2.662139e-07;
-0.0088636642;2.6602768e-07;
-0.0088507966;2.6319087e-07;
-0.0088379289;2.5877183e-07;
-0.0088250613;2.6022127e-07;
-0.0088121936;2.5792729e-07;
-0.008799326;2.5983149e-07;
-0.0087864583;2.630682e-07;
-0.0087735907;2.6234927e-07;
-0.008760723;2.5687487e-07;
-0.0087478554;2.5996578e-07;
-0.0087349877;2.628661e-07;
-0.0087221201;2.6064431e-07;
-0.0087092525;2.5983442e-07;
-0.0086963848;2.5720697e-07;
-0.0086835172;2.5949372e-07;
-0.0086706495;2.6006832e-07;
-0.0086577819;2.6220494e-07;
-0.0086449142;2.5346068e-07;
-0.0086320466;2.5769784e-07;
-0.0086191789;2.6324584e-07;
-0.0086063113;2.632574e-07;
-0.0085934436;2.6325162e-07;
-0.008580576;2.6394169e-07;
-0.0085677083;2.6232912e-07;
-0.0085548407;2.6076999e-07;
-0.008541973;2.6302789e-07;
-0.0085291054;2.6329931e-07;
-0.0085162377;2.6627613e-07;
-0.0085033701;2.6513997e-07;
-0.0084905025;2.6230319e-07;
-0.0084776348;2.5893655e-07;
-0.0084647672;2.6393598e-07;
-0.0084518995;2.6170552e-07;
-0.0084390319;2.5986197e-07;
-0.0084261642;2.5492611e-07;
-0.0084132966;2.5714356e-07;
-0.0084004289;2.6086535e-07;
-0.0083875613;2.6073108e-07;
-0.0083746936;2.6913611e-07;
-0.008361826;2.6549085e-07;
-0.0083489583;2.6193657e-07;
-0.0083360907;2.6158143e-07;
-0.008323223;2.6136056e-07;
-0.0083103554;2.6056943e-07;
-0.0082974877;2.5980284e-07;
-0.0082846201;2.5733421e-07;
-0.0082717525;2.6390575e-07;
-0.0082588848;2.6323158e-07;
-0.0082460172;2.6385379e-07;
-0.0082331495;2.6528592e-07;
-0.0082202819;2.652484e-07;
-0.0082074142;2.6703276e-07;
-0.0081945466;2.6750197e-07;
-0.0081816789;2.6714539e-07;
-0.0081688113;2.6643222e-07;
-0.0081559436;2.6857029e-07;
-0.008143076;2.686165e-07;
-0.0081302083;2.663456e-07;
-0.0081173407;2.6726668e-07;
-0.008104473;2.6495537e-07;
-0.0080916054;2.7011214e-07;
-0.0080787377;2.6338756e-07;
-0.0080658701;2.6321722e-07;
-0.0080530025;2.6223843e-07;
-0.0080401348;2.3801664e-07;
-0.0080272672;2.6367922e-07;
-0.0080143995;2.6658386e-07;
-0.0080015319;2.6540009e-07;
-0.0079886642;2.6637745e-07;
-0.0079757966;2.6444005e-07;
-0.0079629289;2.6255318e-07;
-0.0079500613;2.6709928e-07;
-0.0079371936;2.6250411e-07;
-0.007924326;2.6270769e-07;
-0.0079114583;2.6404308e-07;
-0.0078985907;2.6085981e-07;
-0.007885723;2.6269036e-07;
-0.0078728554;2.6416868e-07;
-0.0078599877;2.6294447e-07;
-0.0078471201;2.6099985e-07;
-0.0078342525;2.5526852e-07;
-0.0078213848;2.5940608e-07;
-0.0078085172;2.6185742e-07;
-0.0077956495;2.5582147e-07;
-0.0077827819;2.6213029e-07;
-0.0077699142;2.6505948e-07;
-0.0077570466;2.6295894e-07;
-0.0077441789;2.5876366e-07;
-0.0077313113;2.6189066e-07;
-0.0077184436;2.6078338e-07;
-0.007705576;2.3922945e-07;
-0.0076927083;2.5689417e-07;
-0.0076798407;2.6752095e-07;
-0.007666973;2.6641801e-07;
-0.0076541054;2.6626211e-07;
-0.0076412377;2.5918527e-07;
-0.0076283701;2.6297777e-07;
-0.0076155025;2.5841725e-07;
-0.0076026348;2.5587208e-07;
-0.0075897672;2.6247685e-07;
-0.0075768995;2.6579871e-07;
-0.0075640319;2.6428866e-07;
-0.0075511642;2.651433e-07;
-0.0075382966;2.6714713e-07;
-0.0075254289;2.6659708e-07;
-0.0075125613;2.6679054e-07;
-0.0074996936;2.6527037e-07;
-0.007486826;2.6115882e-07;
-0.0074739583;2.6358995e-07;
-0.0074610907;2.574053e-07;
-0.007448223;2.5828307e-07;
-0.0074353554;2.5949286e-07;
-0.0074224877;2.6261839e-07;
-0.0074096201;2.6340086e-07;
-0.0073967525;2.6355822e-07;
-0.0073838848;2.6489219e-07;
-0.0073710172;2.6208716e-07;
-0.0073581495;2.6349906e-07;
-0.0073452819;2.5715564e-07;
-0.0073324142;2.608745e-07;
-0.0073195466;2.6491819e-07;
-0.0073066789;2.6599662e-07;
-0.0072938113;2.6357127e-07;
-0.0072809436;2.6665639e-07;
-0.007268076;2.6664484e-07;
-0.0072552083;2.6024799e-07;
-0.0072423407;2.6287978e-07;
-0.007229473;2.586484e-07;
-0.0072166054;2.630487e-07;
-0.0072037377;2.6616846e-07;
-0.0071908701;2.6656983e-07;
-0.0071780025;2.6613528e-07;
-0.0071651348;2.6424841e-07;
-0.0071522672;2.6512183e-07;
-0.0071393995;2.6114165e-07;
-0.0071265319;2.6658284e-07;
-0.0071136642;2.6346452e-07;
-0.0071007966;2.6060318e-07;
-0.0070879289;2.6054113e-07;
-0.0070750613;2.5906857e-07;
-0.0070621936;2.6481728e-07;
-0.007049326;2.5970094e-07;
-0.0070364583;2.6349489e-07;
-0.0070235907;2.6132505e-07;
-0.007010723;2.6259405e-07;
-0.0069978554;2.6279473e-07;
-0.0069849877;2.6216529e-07;
-0.0069721201;2.6397422e-07;
-0.0069592525;2.6582932e-07;
-0.0069463848;2.6567774e-07;
-0.0069335172;2.5821255e-07;
-0.0069206495;2.6585534e-07;
-0.0069077819;2.6377935e-07;
-0.0068949142;2.6059751e-07;
-0.0068820466;2.6437415e-07;
-0.0068691789;2.6518982e-07;
-0.0068563113;2.6504114e-07;
-0.0068434436;2.6539916e-07;
-0.006830576;2.6501373e-07;
-0.0068177083;2.6241944e-07;
-0.0068048407;2.5891711e-07;
-0.006791973;2.5589844e-07;
-0.0067791054;2.5690899e-07;
-0.0067662377;2.6130352e-07;
-0.0067533701;2.5754136e-07;
-0.0067405025;2.6266926e-07;
-0.0067276348;2.6352389e-07;
-0.0067147672;2.6624956e-07;
-0.0067018995;2.6776684e-07;
-0.0066890319;2.644623e-07;
-0.0066761642;2.6883804e-07;
-0.0066632966;2.6214669e-07;
-0.0066504289;2.603392e-07;
-0.0066375613;2.6092391e-07;
-0.0066246936;2.6737853e-07;
-0.006611826;2.6286996e-07;
-0.0065989583;2.5594614e-07;
-0.0065860907;2.6075066e-07;
-0.006573223;2.614552e-07;
-0.0065603554;2.6815524e-07;
-0.0065474877;2.6437574e-07;
-0.0065346201;2.6076371e-07;
-0.0065217525;2.5850292e-07;
-0.0065088848;2.6371458e-07;
-0.0064960172;2.6354566e-07;
-0.0064831495;2.6495324e-07;
-0.0064702819;2.6132676e-07;
-0.0064574142;2.6020069e-07;
-0.0064445466;2.6375212e-07;
-0.0064316789;2.6295235e-07;
-0.0064188113;2.599322e-07;
-0.0064059436;2.5566473e-07;
-0.006393076;2.6112325e-07;
-0.0063802083;2.6135133e-07;
-0.0063673407;2.5762956e-07;
-0.006354473;2.6005927e-07;
-0.0063416054;2.6236193e-07;
-0.0063287377;2.6161989e-07;
-0.0063158701;2.5870802e-07;
-0.0063030025;2.5484914e-07;
-0.0062901348;2.5421681e-07;
-0.0062772672;2.6019071e-07;
-0.0062643995;2.6397599e-07;
-0.0062515319;2.6361073e-07;
-0.0062386642;2.6740326e-07;
-0.0062257966;2.6805147e-07;
-0.0062129289;2.6506164e-07;
-0.0062000613;2.6714051e-07;
-0.0061871936;2.6716651e-07;
-0.006174326;2.6261466e-07;
-0.0061614583;2.6259444e-07;
-0.0061485907;2.6823197e-07;
-0.006135723;2.6556839e-07;
-0.0061228554;2.6208195e-07;
-0.0061099877;2.6645192e-07;
-0.0060971201;2.6108874e-07;
-0.0060842525;2.6730516e-07;
-0.0060713848;1.9070867e-07;
-0.0060585172;2.6550924e-07;
-0.0060456495;2.6862035e-07;
-0.0060327819;2.6690527e-07;
-0.0060199142;2.6359786e-07;
-0.0060070466;2.6652705e-07;
-0.0059941789;2.6835473e-07;
-0.0059813113;2.6988071e-07;
-0.0059684436;2.6769499e-07;
-0.005955576;2.6935234e-07;
-0.0059427083;2.662268e-07;
-0.0059298407;2.6744236e-07;
-0.005916973;2.6661804e-07;
-0.0059041054;2.6566957e-07;
-0.0058912377;2.6617342e-07;
-0.0058783701;2.6825229e-07;
-0.0058655025;2.6754922e-07;
-0.0058526348;2.6019089e-07;
-0.0058397672;2.6694147e-07;
-0.0058268995;2.6748139e-07;
-0.0058140319;2.6768928e-07;
-0.0058011642;2.662211e-07;
-0.0057882966;2.6881247e-07;
-0.0057754289;2.6656757e-07;
-0.0057625613;2.6812385e-07;
-0.0057496936;2.6122601e-07;
-0.005736826;2.6260474e-07;
-0.0057239583;2.6795063e-07;
-0.0057110907;2.5929877e-07;
-0.005698223;1.9570104e-07;
-0.0056853554;2.6180064e-07;
-0.0056724877;2.6267696e-07;
-0.0056596201;2.6472985e-07;
-0.0056467525;2.6264665e-07;
-0.0056338848;2.6479049e-07;
-0.0056210172;2.6480205e-07;
-0.0056081495;2.6221789e-07;
-0.0055952819;2.6202157e-07;
-0.0055824142;2.6260481e-07;
-0.0055695466;2.6339163e-07;
-0.0055566789;2.6103845e-07;
-0.0055438113;2.6027185e-07;
-0.0055309436;2.6546761e-07;
-0.005518076;2.6448015e-07;
-0.0055052083;2.6457979e-07;
-0.0054923407;2.6245182e-07;
-0.005479473;2.6150481e-07;
-0.0054666054;2.6310582e-07;
-0.0054537377;2.5970746e-07;
-0.0054408701;2.6473861e-07;
-0.0054280025;2.6097642e-07;
-0.0054151348;2.6087393e-07;
-0.0054022672;2.6337582e-07;
-0.0053893995;2.6396918e-07;
-0.0053765319;2.607455e-07;
-0.0053636642;2.5653862e-07;
-0.0053507966;2.5913579e-07;
-0.0053379289;2.6070074e-07;
-0.0053250613;2.6401829e-07;
-0.0053121936;2.5723595e-07;
-0.005299326;2.5906221e-07;
-0.0052864583;2.6197261e-07;
-0.0052735907;2.4250485e-07;
-0.005260723;2.5933794e-07;
-0.0052478554;2.619712e-07;
-0.0052349877;2.5962817e-07;
-0.0052221201;2.6031102e-07;
-0.0052092525;2.592427e-07;
-0.0051963848;2.6331527e-07;
-0.0051835172;2.5944914e-07;
-0.0051706495;2.5687077e-07;
-0.0051577819;2.5504746e-07;
-0.0051449142;2.564969e-07;
-0.0051320466;2.6271906e-07;
-0.0051191789;2.4412901e-07;
-0.0051063113;2.6416708e-07;
-0.0050934436;2.6947977e-07;
-0.005080576;2.6745577e-07;
-0.0050677083;2.6887489e-07;
-0.0050548407;2.6082793e-07;
-0.005041973;2.6363729e-07;
-0.0050291054;2.6608718e-07;
-0.0050162377;2.6460888e-07;
-0.0050033701;2.6284183e-07;
-0.0049905025;2.6040492e-07;
-0.0049776348;2.6045983e-07;
-0.0049647672;2.6506078e-07;
-0.0049518995;2.6270615e-07;
-0.0049390319;2.6730424e-07;
-0.0049261642;2.6330385e-07;
-0.0049132966;2.635666e-07;
-0.0049004289;2.4251944e-07;
-0.0048875613;2.4469795e-07;
-0.0048746936;2.2906447e-07;
-0.004861826;2.5130701e-07;
-0.0048489583;2.4665988e-07;
-0.0048360907;2.3855946e-07;
-0.004823223;2.3701621e-07;
-0.0048103554;2.4351273e-07;
-0.0047974877;2.4857997e-07;
-0.0047846201;2.3034073e-07;
-0.0047717525;2.4529276e-07;
-0.0047588848;2.4241125e-07;
-0.0047460172;2.4427644e-07;
-0.0047331495;2.3390661e-07;
-0.0047202819;2.4494633e-07;
-0.0047074142;2.4443672e-07;
-0.0046945466;2.2917142e-07;
-0.0046816789;2.5177917e-07;
-0.0046688113;2.4482364e-07;
-0.0046559436;2.3893494e-07;
-0.004643076;2.4407585e-07;
-0.0046302083;2.4854396e-07;
-0.0046173407;2.4876195e-07;
-0.004604473;2.3236051e-07;
-0.0045916054;2.5005552e-07;
-0.0045787377;2.5011901e-07;
-0.0045658701;2.4148591e-07;
-0.0045530025;2.4041764e-07;
-0.0045401348;2.5082499e-07;
-0.0045272672;2.467351e-07;
-0.0045143995;2.3286296e-07;
-0.0045015319;2.4621826e-07;
-0.0044886642;2.5233512e-07;
-0.0044757966;2.3982865e-07;
-0.0044629289;2.3981563e-07;
-0.0044500613;2.4569567e-07;
-0.0044371936;2.5031687e-07;
-0.004424326;2.3249196e-07;
-0.0044114583;2.4615336e-07;
-0.0043985907;2.4642336e-07;
-0.004385723;2.353793e-07;
-0.0043728554;2.406588e-07;
-0.0043599877;2.4776308e-07;
-0.0043471201;2.4434735e-07;
-0.0043342525;2.3258872e-07;
-0.0043213848;2.5415419e-07;
-0.0043085172;2.4869136e-07;
-0.0042956495;2.3953565e-07;
-0.0042827819;2.428171e-07;
-0.0042699142;2.4750758e-07;
-0.0042570466;2.5091176e-07;
-0.0042441789;2.3479181e-07;
-0.0042313113;2.5116873e-07;
-0.0042184436;2.5036604e-07;
-0.004205576;2.336282e-07;
-0.0041927083;2.4258325e-07;
-0.0041798407;2.4812264e-07;
-0.004166973;2.4516746e-07;
-0.0041541054;2.2560291e-07;
-0.0041412377;2.4205492e-07;
-0.0041283701;2.3876192e-07;
-0.0041155025;2.3073517e-07;
-0.0041026348;2.395314e-07;
-0.0040897672;2.4955192e-07;
-0.0040768995;2.410819e-07;
-0.0040640319;2.2682574e-07;
-0.0040511642;2.4704573e-07;
-0.0040382966;2.4687679e-07;
-0.0040254289;2.3252245e-07;
-0.0040125613;2.4256747e-07;
-0.0039996936;2.5216497e-07;
-0.003986826;2.4270178e-07;
-0.0039739583;2.2552648e-07;
-0.0039610907;2.5031566e-07;
-0.003948223;2.4862945e-07;
-0.0039353554;2.3394594e-07;
-0.0039224877;2.444515e-07;
-0.0039096201;2.4840859e-07;
-0.0038967525;2.3953004e-07;
-0.0038838848;2.3086664e-07;
-0.0038710172;2.4334138e-07;
-0.0038581495;2.477763e-07;
-0.0038452819;2.3108752e-07;
-0.0038324142;2.4589812e-07;
-0.0038195466;2.4685956e-07;
-0.0038066789;2.4056233e-07;
-0.0037938113;2.2729507e-07;
-0.0037809436;2.447764e-07;
-0.003768076;2.4621863e-07;
-0.0037552083;2.2600442e-07;
-0.0037423407;2.4073271e-07;
-0.003729473;2.4590824e-07;
-0.0037166054;2.352829e-07;
-0.0037037377;2.3098797e-07;
-0.0036908701;2.4769265e-07;
-0.0036780025;2.4750643e-07;
-0.0036651348;2.2435438e-07;
-0.0036522672;2.4027514e-07;
-0.0036393995;2.6191133e-07;
-0.0036265319;2.6559554e-07;
-0.0036136642;2.6459222e-07;
-0.0036007966;2.6238049e-07;
-0.0035879289;2.622506e-07;
-0.0035750613;2.6515526e-07;
-0.0035621936;2.6578326e-07;
-0.003549326;2.6765858e-07;
-0.0035364583;2.6603157e-07;
-0.0035235907;2.6193446e-07;
-0.003510723;2.6335071e-07;
-0.0034978554;2.639224e-07;
-0.0034849877;2.6616586e-07;
-0.0034721201;2.6412021e-07;
-0.0034592525;2.6002597e-07;
-0.0034463848;2.578114e-07;
-0.0034335172;2.5845963e-07;
-0.0034206495;2.6088928e-07;
-0.0034077819;2.5927816e-07;
-0.0033949142;2.6320638e-07;
-0.0033820466;2.5854481e-07;
-0.0033691789;2.6363661e-07;
-0.0033563113;2.6245569e-07;
-0.0033434436;2.6411448e-07;
-0.003330576;2.6482044e-07;
-0.0033177083;2.6548019e-07;
-0.0033048407;2.6451007e-07;
-0.003291973;2.6494318e-07;
-0.0032791054;2.6073198e-07;
-0.0032662377;2.5709974e-07;
-0.0032533701;2.6103375e-07;
-0.0032405025;2.6400626e-07;
-0.0032276348;2.6324836e-07;
-0.0032147672;2.624933e-07;
-0.0032018995;2.6346492e-07;
-0.0031890319;2.6511357e-07;
-0.0031761642;2.6216706e-07;
-0.0031632966;2.6574591e-07;
-0.0031504289;2.664201e-07;
-0.0031375613;2.610973e-07;
-0.0031246936;2.5996838e-07;
-0.003111826;2.5965369e-07;
-0.0030989583;2.5911663e-07;
-0.0030860907;2.6152036e-07;
-0.003073223;2.6315455e-07;
-0.0030603554;2.5823167e-07;
-0.0030474877;2.5529673e-07;
-0.0030346201;2.6242409e-07;
-0.0030217525;2.6130239e-07;
-0.0030088848;2.6164595e-07;
-0.0029960172;2.6174848e-07;
-0.0029831495;2.6268833e-07;
-0.0029702819;2.5715041e-07;
-0.0029574142;2.5270974e-07;
-0.0029445466;2.5775674e-07;
-0.0029316789;2.6209645e-07;
-0.0029188113;2.5498203e-07;
-0.0029059436;2.5459083e-07;
-0.002893076;2.5750416e-07;
-0.0028802083;2.6185103e-07;
-0.0028673407;2.6295253e-07;
-0.002854473;2.6064559e-07;
-0.0028416054;2.595181e-07;
-0.0028287377;2.6031646e-07;
-0.0028158701;2.6134719e-07;
-0.0028030025;2.5919038e-07;
-0.0027901348;2.6303344e-07;
-0.0027772672;2.6606802e-07;
-0.0027643995;2.6269708e-07;
-0.0027515319;2.6606948e-07;
-0.0027386642;2.6260612e-07;
-0.0027257966;2.6804876e-07;
-0.0027129289;2.638275e-07;
-0.0027000613;2.6292954e-07;
-0.0026871936;2.6547183e-07;
-0.002674326;2.6709595e-07;
-0.0026614583;2.6368025e-07;
-0.0026485907;2.659699e-07;
-0.002635723;2.6207492e-07;
-0.0026228554;2.6432126e-07;
-0.0026099877;2.5987479e-07;
-0.0025971201;2.6155666e-07;
-0.0025842525;2.6626301e-07;
-0.0025713848;2.6174287e-07;
-0.0025585172;2.6299455e-07;
-0.0025456495;2.6143539e-07;
-0.0025327819;2.6222511e-07;
-0.0025199142;2.6005096e-07;
-0.0025070466;2.6362259e-07;
-0.0024941789;2.6131707e-07;
-0.0024813113;2.632299e-07;
-0.0024684436;2.652828e-07;
-0.002455576;2.6362836e-07;
-0.0024427083;2.6413801e-07;
-0.0024298407;2.6500564e-07;
-0.002416973;2.5607226e-07;
-0.0024041054;2.5457085e-07;
-0.0023912377;2.592382e-07;
-0.0023783701;2.6131855e-07;
-0.0023655025;2.5294096e-07;
-0.0023526348;2.5153772e-07;
-0.0023397672;2.5705112e-07;
-0.0023268995;2.5435145e-07;
-0.0023140319;2.5692406e-07;
-0.0023011642;2.5599001e-07;
-0.0022882966;2.5625131e-07;
-0.0022754289;2.593682e-07;
-0.0022625613;2.5534618e-07;
-0.0022496936;2.5926285e-07;
-0.002236826;2.5887592e-07;
-0.0022239583;2.6042353e-07;
-0.0022110907;2.5593374e-07;
-0.002198223;2.5819309e-07;
-0.0021853554;2.5830859e-07;
-0.0021724877;2.5446699e-07;
-0.0021596201;2.5906795e-07;
-0.0021467525;2.5767772e-07;
-0.0021338848;2.5698769e-07;
-0.0021210172;2.5323273e-07;
-0.0021081495;2.5882691e-07;
-0.0020952819;2.5616913e-07;
-0.0020824142;2.6005835e-07;
-0.0020695466;2.6029657e-07;
-0.0020566789;2.6351163e-07;
-0.0020438113;2.5780915e-07;
-0.0020309436;2.5477314e-07;
-0.002018076;2.6079177e-07;
-0.0020052083;2.5937699e-07;
-0.0019923407;2.5621683e-07;
-0.001979473;2.5288051e-07;
-0.0019666054;2.4997586e-07;
-0.0019537377;2.5834338e-07;
-0.0019408701;2.5759554e-07;
-0.0019280025;2.609203e-07;
-0.0019151348;2.5269431e-07;
-0.0019022672;2.5747717e-07;
-0.0018893995;2.5410623e-07;
-0.0018765319;2.5189019e-07;
-0.0018636642;2.5703974e-07;
-0.0018507966;2.5652291e-07;
-0.0018379289;2.62748e-07;
-0.0018250613;2.5773565e-07;
-0.0018121936;2.5627176e-07;
-0.001799326;2.5958209e-07;
-0.0017864583;2.5973658e-07;
-0.0017735907;2.5590362e-07;
-0.001760723;2.5101542e-07;
-0.0017478554;2.5281423e-07;
-0.0017349877;2.5404136e-07;
-0.0017221201;2.5155536e-07;
-0.0017092525;2.6324037e-07;
-0.0016963848;2.6173174e-07;
-0.0016835172;2.5756966e-07;
-0.0016706495;2.5347835e-07;
-0.0016577819;2.5768083e-07;
-0.0016449142;2.540587e-07;
-0.0016320466;2.5626752e-07;
-0.0016191789;2.5101546e-07;
-0.0016063113;2.5569293e-07;
-0.0015934436;2.5608418e-07;
-0.001580576;2.5488449e-07;
-0.0015677083;2.5973954e-07;
-0.0015548407;2.611688e-07;
-0.001541973;2.6016113e-07;
-0.0015291054;2.5605533e-07;
-0.0015162377;2.5640474e-07;
-0.0015033701;2.5609579e-07;
-0.0014905025;2.588532e-07;
-0.0014776348;2.573951e-07;
-0.0014647672;2.564798e-07;
-0.0014518995;2.5774303e-07;
-0.0014390319;2.6060292e-07;
-0.0014261642;2.6289689e-07;
-0.0014132966;2.5681907e-07;
-0.0014004289;2.5944802e-07;
-0.0013875613;2.5978293e-07;
-0.0013746936;2.591174e-07;
-0.001361826;2.5628495e-07;
-0.0013489583;2.5456122e-07;
-0.0013360907;2.5626333e-07;
-0.001323223;2.5586485e-07;
-0.0013103554;2.5879984e-07;
-0.0012974877;2.5097807e-07;
-0.0012846201;2.5466953e-07;
-0.0012717525;2.5342369e-07;
-0.0012588848;2.5577541e-07;
-0.0012460172;2.5853572e-07;
-0.0012331495;2.5665607e-07;
-0.0012202819;2.5933407e-07;
-0.0012074142;2.568163e-07;
-0.0011945466;2.5713535e-07;
-0.0011816789;2.5132174e-07;
-0.0011688113;2.5030975e-07;
-0.0011559436;2.5522687e-07;
-0.001143076;2.5755983e-07;
-0.0011302083;2.5870175e-07;
-0.0011173407;2.5642369e-07;
-0.001104473;2.5870612e-07;
-0.0010916054;2.586657e-07;
-0.0010787377;2.5452527e-07;
-0.0010658701;2.5643668e-07;
-0.0010530025;2.5577695e-07;
-0.0010401348;2.5819506e-07;
-0.0010272672;2.6203091e-07;
-0.0010143995;2.6427292e-07;
-0.0010015319;2.6259541e-07;
-0.00098866422;2.5850694e-07;
-0.00097579657;2.5229053e-07;
-0.00096292892;2.5355086e-07;
-0.00095006127;2.5811282e-07;
-0.00093719363;2.5780245e-07;
-0.00092432598;2.6372581e-07;
-0.00091145833;2.6249435e-07;
-0.00089859069;2.5979326e-07;
-0.00088572304;2.6175236e-07;
-0.00087285539;2.5979904e-07;
-0.00085998775;2.6199342e-07;
-0.0008471201;2.622259e-07;
-0.00083425245;2.5670242e-07;
-0.0008213848;2.5826589e-07;
-0.00080851716;2.6012245e-07;
-0.00079564951;2.6240635e-07;
-0.00078278186;2.5857777e-07;
-0.00076991422;2.5874233e-07;
-0.00075704657;2.6364217e-07;
-0.00074417892;2.6340109e-07;
-0.00073131127;2.5771157e-07;
-0.00071844363;2.5868898e-07;
-0.00070557598;2.5544651e-07;
-0.00069270833;2.5943248e-07;
-0.00067984069;2.5954218e-07;
-0.00066697304;2.5787473e-07;
-0.00065410539;2.5813461e-07;
-0.00064123775;2.5811733e-07;
-0.0006283701;2.6200075e-07;
-0.00061550245;2.652577e-07;
-0.0006026348;2.6139302e-07;
-0.00058976716;2.5320307e-07;
-0.00057689951;2.5570207e-07;
-0.00056403186;2.6425723e-07;
-0.00055116422;2.6121547e-07;
-0.00053829657;2.5984685e-07;
-0.00052542892;2.5782572e-07;
-0.00051256127;2.5855336e-07;
-0.00049969363;2.5699562e-07;
-0.00048682598;2.6519135e-07;
-0.00047395833;2.647611e-07;
-0.00046109069;2.585476e-07;
-0.00044822304;2.5208864e-07;
-0.00043535539;2.6039261e-07;
-0.00042248775;2.5943689e-07;
-0.0004096201;2.5684699e-07;
-0.00039675245;2.5521563e-07;
-0.0003838848;2.5978629e-07;
-0.00037101716;2.5863139e-07;
-0.00035814951;2.6056736e-07;
-0.00034528186;2.6226362e-07;
-0.00033241422;2.6227953e-07;
-0.00031954657;2.6012845e-07;
-0.00030667892;2.6348931e-07;
-0.00029381127;2.6163712e-07;
-0.00028094363;2.5081833e-07;
-0.00026807598;2.5187363e-07;
-0.00025520833;2.5633742e-07;
-0.00024234069;2.5753283e-07;
-0.00022947304;2.5704198e-07;
-0.00021660539;2.5388614e-07;
-0.00020373775;2.5513925e-07;
-0.0001908701;2.6067568e-07;
-0.00017800245;2.590429e-07;
-0.0001651348;2.5821571e-07;
-0.00015226716;2.5742023e-07;
-0.00013939951;2.5559112e-07;
-0.00012653186;2.5683127e-07;
-0.00011366422;2.60976e-07;
-0.00010079657;2.6137878e-07;
-8.7928922e-05;2.6259579e-07;
-7.5061275e-05;2.5662194e-07;
-6.2193627e-05;2.5953238e-07;
-4.932598e-05;2.6289466e-07;
-3.6458333e-05;2.5857523e-07;
-2.3590686e-05;2.5436404e-07;
-1.0723039e-05;2.6095872e-07;
2.1446078e-06;2.5951938e-07;
1.5012255e-05;2.5583229e-07;
2.7879902e-05;2.5814359e-07;
4.0747549e-05;2.6091976e-07;
5.3615196e-05;2.616806e-07;
6.6482843e-05;2.5983995e-07;
7.935049e-05;2.6101075e-07;
9.2218137e-05;2.6158241e-07;
0.00010508578;2.5264759e-07;
0.00011795343;2.5762246e-07;
0.00013082108;2.5700314e-07;
0.00014368873;2.5847425e-07;
0.00015655637;2.5459223e-07;
0.00016942402;2.5665234e-07;
0.00018229167;2.6374219e-07;
0.00019515931;2.6110607e-07;
0.00020802696;2.657778e-07;
0.00022089461;2.622726e-07;
0.00023376225;2.6315463e-07;
0.0002466299;2.6604488e-07;
0.00025949755;2.596841e-07;
0.0002723652;2.651123e-07;
0.00028523284;2.643125e-07;
0.00029810049;2.6089246e-07;
0.00031096814;2.6247759e-07;
0.00032383578;2.6083617e-07;
0.00033670343;2.5456491e-07;
0.00034957108;2.5814377e-07;
0.00036243873;2.6490875e-07;
0.00037530637;2.5927562e-07;
0.00038817402;2.5974912e-07;
0.00040104167;2.6290932e-07;
0.00041390931;2.6162733e-07;
0.00042677696;2.6224669e-07;
0.00043964461;2.6530872e-07;
0.00045251225;2.6182512e-07;
0.0004653799;2.6325291e-07;
0.00047824755;2.6158261e-07;
0.0004911152;2.5157225e-07;
0.00050398284;2.5761686e-07;
0.00051685049;2.6293388e-07;
0.00052971814;2.6375247e-07;
0.00054258578;2.6432994e-07;
0.00055545343;2.5926126e-07;
0.00056832108;2.6069047e-07;
0.00058118873;2.5759528e-07;
0.00059405637;2.5709863e-07;
0.00060692402;2.6014913e-07;
0.00061979167;2.6039599e-07;
0.00063265931;2.6125495e-07;
0.00064552696;2.6247202e-07;
0.00065839461;2.5835757e-07;
0.00067126225;2.6322415e-07;
0.0006841299;2.6198115e-07;
0.00069699755;2.5656312e-07;
0.0007098652;2.6175161e-07;
0.00072273284;2.6095909e-07;
0.00073560049;2.6055049e-07;
0.00074846814;2.6094896e-07;
0.00076133578;2.6242728e-07;
0.00077420343;2.5813963e-07;
0.00078707108;2.5163446e-07;
0.00079993873;2.6011021e-07;
0.00081280637;2.6413375e-07;
0.00082567402;2.5819304e-07;
0.00083854167;2.613749e-07;
0.00085140931;2.5780041e-07;
0.00086427696;2.6233497e-07;
0.00087714461;2.6411786e-07;
0.00089001225;2.6585459e-07;
0.0009028799;2.6245767e-07;
0.00091574755;2.6137491e-07;
0.0009286152;2.5979699e-07;
0.00094148284;2.5803865e-07;
0.00095435049;2.5943176e-07;
0.00096721814;2.6070652e-07;
0.00098008578;2.5938559e-07;
0.00099295343;2.6117143e-07;
0.0010058211;2.6610873e-07;
0.0010186887;2.6717562e-07;
0.0010315564;2.6186297e-07;
0.001044424;2.6310306e-07;
0.0010572917;2.6468535e-07;
0.0010701593;2.6656498e-07;
0.001083027;2.6674397e-07;
0.0010958946;2.6336582e-07;
0.0011087623;2.5850792e-07;
0.0011216299;2.6313053e-07;
0.0011344975;2.657277e-07;
0.0011473652;2.5981587e-07;
0.0011602328;2.6226723e-07;
0.0011731005;2.5935536e-07;
0.0011859681;2.6091884e-07;
0.0011988358;2.6358388e-07;
0.0012117034;2.6269893e-07;
0.0012245711;2.6318107e-07;
0.0012374387;2.6090875e-07;
0.0012503064;2.6146024e-07;
0.001263174;2.5824232e-07;
0.0012760417;2.5806042e-07;
0.0012889093;2.5215296e-07;
0.001301777;2.5835207e-07;
0.0013146446;2.6583891e-07;
0.0013275123;2.6165517e-07;
0.0013403799;2.5612743e-07;
0.0013532475;2.6123366e-07;
0.0013661152;2.6340491e-07;
0.0013789828;2.6532211e-07;
0.0013918505;2.636417e-07;
0.0014047181;2.5845604e-07;
0.0014175858;2.6106765e-07;
0.0014304534;2.6135209e-07;
0.0014433211;2.618415e-07;
0.0014561887;2.6383664e-07;
0.0014690564;2.6026357e-07;
0.001481924;2.573849e-07;
0.0014947917;2.602506e-07;
0.0015076593;2.5795662e-07;
0.001520527;2.5613183e-07;
0.0015333946;2.5943925e-07;
0.0015462623;2.6536983e-07;
0.0015591299;2.5884739e-07;
0.0015719975;2.5466797e-07;
0.0015848652;2.5888205e-07;
0.0015977328;2.5899033e-07;
0.0016106005;2.6151531e-07;
0.0016234681;2.618401e-07;
0.0016363358;2.588806e-07;
0.0016492034;2.5562807e-07;
0.0016620711;2.5265265e-07;
0.0016749387;2.5087265e-07;
0.0016878064;2.5232494e-07;
0.001700674;2.5460594e-07;
0.0017135417;2.5232066e-07;
0.0017264093;2.5873629e-07;
0.001739277;2.5877095e-07;
0.0017521446;2.5724789e-07;
0.0017650123;2.5701977e-07;
0.0017778799;2.5469407e-07;
0.0017907475;2.6010055e-07;
0.0018036152;2.5331827e-07;
0.0018164828;2.5685956e-07;
0.0018293505;2.5987106e-07;
0.0018422181;2.6220402e-07;
0.0018550858;2.6142736e-07;
0.0018679534;2.5876958e-07;
0.0018808211;2.5959966e-07;
0.0018936887;2.6072282e-07;
0.0019065564;2.6049186e-07;
0.001919424;2.5985089e-07;
0.0019322917;2.6015261e-07;
0.0019451593;2.54697e-07;
0.001958027;2.5212153e-07;
0.0019708946;2.5493669e-07;
0.0019837623;2.6161221e-07;
0.0019966299;2.6403612e-07;
0.0020094975;2.5827446e-07;
0.0020223652;2.5315235e-07;
0.0020352328;2.5294299e-07;
0.0020481005;2.6210449e-07;
0.0020609681;2.6681232e-07;
0.0020738358;2.6271953e-07;
0.0020867034;2.606262e-07;
0.0020995711;2.5942078e-07;
0.0021124387;2.6115171e-07;
0.0021253064;2.5821244e-07;
0.002138174;2.5878843e-07;
0.0021510417;2.6057859e-07;
0.0021639093;2.6256941e-07;
0.002176777;2.6015709e-07;
0.0021896446;2.6058727e-07;
0.0022025123;2.5702574e-07;
0.0022153799;2.4093183e-07;
0.0022282475;2.6287264e-07;
0.0022411152;2.5931401e-07;
0.0022539828;2.634775e-07;
0.0022668505;2.6434663e-07;
0.0022797181;2.6200933e-07;
0.0022925858;2.6320037e-07;
0.0023054534;2.6426868e-07;
0.0023183211;2.6287265e-07;
0.0023311887;2.6145645e-07;
0.0023440564;2.6279329e-07;
0.002356924;2.644535e-07;
0.0023697917;2.5070836e-07;
0.0023826593;2.5826597e-07;
0.002395527;2.5723375e-07;
0.0024083946;2.5699699e-07;
0.0024212623;2.6059318e-07;
0.0024341299;2.6303005e-07;
0.0024469975;2.6216244e-07;
0.0024598652;2.6356567e-07;
0.0024727328;2.5616261e-07;
0.0024856005;2.5840462e-07;
0.0024984681;2.5777661e-07;
0.0025113358;2.5574251e-07;
0.0025242034;2.5875544e-07;
0.0025370711;2.5965481e-07;
0.0025499387;2.5886951e-07;
0.0025628064;2.6497187e-07;
0.002575674;2.637794e-07;
0.0025885417;2.6373034e-07;
0.0026014093;2.5034035e-07;
0.002614277;2.3214443e-07;
0.0026271446;2.2838366e-07;
0.0026400123;2.3424927e-07;
0.0026528799;2.2569268e-07;
0.0026657475;2.3995901e-07;
0.0026786152;2.3713951e-07;
0.0026914828;2.3026623e-07;
0.0027043505;2.3023302e-07;
0.0027172181;2.3233355e-07;
0.0027300858;2.4041088e-07;
0.0027429534;2.2738327e-07;
0.0027558211;2.2292958e-07;
0.0027686887;2.2999197e-07;
0.0027815564;2.2963249e-07;
0.002794424;2.2328614e-07;
0.0028072917;2.3023308e-07;
0.0028201593;2.3768093e-07;
0.002833027;2.3505061e-07;
0.0028458946;2.2785536e-07;
0.0028587623;2.1881515e-07;
0.0028716299;2.3620701e-07;
0.0028844975;2.3008008e-07;
0.0028973652;2.3458577e-07;
0.0029102328;2.3145016e-07;
0.0029231005;2.2341471e-07;
0.0029359681;2.3465942e-07;
0.0029488358;2.3277545e-07;
0.0029617034;2.3278988e-07;
0.0029745711;2.2838962e-07;
0.0029874387;2.2164048e-07;
0.0030003064;2.2921685e-07;
0.003013174;2.4148076e-07;
0.0030260417;2.3661132e-07;
0.0030389093;2.3061143e-07;
0.003051777;2.2683912e-07;
0.0030646446;2.3503486e-07;
0.0030775123;2.3692745e-07;
0.0030903799;2.3599777e-07;
0.0031032475;2.1913431e-07;
0.0031161152;2.2638298e-07;
0.0031289828;2.4277866e-07;
0.0031418505;2.3134341e-07;
0.0031547181;2.3599058e-07;
0.0031675858;2.3236123e-07;
0.0031804534;2.2563949e-07;
0.0031933211;2.3231358e-07;
0.0032061887;2.3036754e-07;
0.0032190564;2.3305566e-07;
0.003231924;2.244947e-07;
0.0032447917;2.4294908e-07;
0.0032576593;2.3393916e-07;
0.003270527;2.3508836e-07;
0.0032833946;2.2436046e-07;
0.0032962623;2.3359706e-07;
0.0033091299;2.2905094e-07;
0.0033219975;2.2907981e-07;
0.0033348652;2.2807214e-07;
0.0033477328;2.3498299e-07;
0.0033606005;2.2562081e-07;
0.0033734681;2.33177e-07;
0.0033863358;2.3291569e-07;
0.0033992034;2.2754528e-07;
0.0034120711;2.3345131e-07;
0.0034249387;2.3684389e-07;
0.0034378064;2.2655062e-07;
0.003450674;2.2693607e-07;
0.0034635417;2.3091481e-07;
0.0034764093;2.3272516e-07;
0.003489277;2.3588968e-07;
0.0035021446;2.3854023e-07;
0.0035150123;2.2289816e-07;
0.0035278799;2.2652607e-07;
0.0035407475;2.3707205e-07;
0.0035536152;2.3453268e-07;
0.0035664828;2.2438516e-07;
0.0035793505;2.3089611e-07;
0.0035922181;2.2885042e-07;
0.0036050858;2.3407791e-07;
0.0036179534;2.3084124e-07;
0.0036308211;2.3159196e-07;
0.0036436887;2.2784279e-07;
0.0036565564;2.3349762e-07;
0.003669424;2.3942821e-07;
0.0036822917;2.2624752e-07;
0.0036951593;2.3078208e-07;
0.003708027;2.2484575e-07;
0.0037208946;2.3443602e-07;
0.0037337623;2.3487922e-07;
0.0037466299;2.3568912e-07;
0.0037594975;2.2507673e-07;
0.0037723652;2.3783875e-07;
0.0037852328;2.3434077e-07;
0.0037981005;2.3329411e-07;
0.0038109681;2.3242502e-07;
0.0038238358;2.2661863e-07;
0.0038367034;2.4131367e-07;
0.0038495711;2.4767013e-07;
0.0038624387;2.6178485e-07;
0.0038753064;2.6116554e-07;
0.003888174;2.6293546e-07;
0.0039010417;2.6113233e-07;
0.0039139093;2.6105729e-07;
0.003926777;2.6348694e-07;
0.0039396446;2.6045962e-07;
0.0039525123;2.6242009e-07;
0.0039653799;2.6230605e-07;
0.0039782475;2.5567822e-07;
0.0039911152;2.5758383e-07;
0.0040039828;2.6165063e-07;
0.0040168505;2.6056645e-07;
0.0040297181;2.5798518e-07;
0.0040425858;2.5416814e-07;
0.0040554534;2.5709017e-07;
0.0040683211;2.5981291e-07;
0.0040811887;2.5797657e-07;
0.0040940564;2.5591645e-07;
0.004106924;2.6086392e-07;
0.0041197917;2.5740636e-07;
0.0041326593;2.6196974e-07;
0.004145527;2.6370505e-07;
0.0041583946;2.6594416e-07;
0.0041712623;2.6541438e-07;
0.0041841299;2.5686211e-07;
0.0041969975;2.6054925e-07;
0.0042098652;2.6295582e-07;
0.0042227328;2.6162619e-07;
0.0042356005;2.5940298e-07;
0.0042484681;2.6441395e-07;
0.0042613358;2.6583162e-07;
0.0042742034;2.6260217e-07;
0.0042870711;2.5770527e-07;
0.0042999387;2.5540981e-07;
0.0043128064;2.586725e-07;
0.004325674;2.5958927e-07;
0.0043385417;2.6211709e-07;
0.0043514093;2.5924711e-07;
0.004364277;2.5648685e-07;
0.0043771446;2.5715816e-07;
0.0043900123;2.6102283e-07;
0.0044028799;2.6031688e-07;
0.0044157475;2.6230196e-07;
0.0044286152;2.5840983e-07;
0.0044414828;2.6261231e-07;
0.0044543505;2.5926451e-07;
0.0044672181;2.6230483e-07;
0.0044800858;2.6102289e-07;
0.0044929534;2.6075004e-07;
0.0045058211;2.5867695e-07;
0.0045186887;2.6536833e-07;
0.0045315564;2.5845895e-07;
0.004544424;2.5672658e-07;
0.0045572917;2.5788442e-07;
0.0045701593;2.5776458e-07;
0.004583027;2.5485993e-07;
0.0045958946;2.547098e-07;
0.0046087623;2.5640322e-07;
0.0046216299;2.6037185e-07;
0.0046344975;2.6229628e-07;
0.0046473652;2.6000662e-07;
0.0046602328;2.5862361e-07;
0.0046731005;2.6386411e-07;
0.0046859681;2.6290118e-07;
0.0046988358;2.5998357e-07;
0.0047117034;2.507369e-07;
0.0047245711;2.2162539e-07;
0.0047374387;2.6281458e-07;
0.0047503064;2.6332133e-07;
0.004763174;2.5898889e-07;
0.0047760417;2.5861355e-07;
0.0047889093;2.6313367e-07;
0.004801777;2.6412837e-07;
0.0048146446;2.6346858e-07;
0.0048275123;2.6095087e-07;
0.0048403799;2.5602652e-07;
0.0048532475;2.5500589e-07;
0.0048661152;2.5218497e-07;
0.0048789828;2.2177419e-07;
0.0048918505;2.7384281e-07;
0.0049047181;2.7135394e-07;
0.0049175858;2.7108109e-07;
0.0049304534;2.6898921e-07;
0.0049433211;2.6626646e-07;
0.0049561887;2.6619142e-07;
0.0049690564;2.6832805e-07;
0.004981924;2.6950032e-07;
0.0049947917;2.6523428e-07;
0.0050076593;2.6799601e-07;
0.005020527;2.6688005e-07;
0.0050333946;2.702799e-07;
0.0050462623;2.7232993e-07;
0.0050591299;2.6486908e-07;
0.0050719975;2.6878286e-07;
0.0050848652;2.7128618e-07;
0.0050977328;2.0968069e-07;
0.0051106005;1.9097659e-07;
0.0051234681;1.8893812e-07;
0.0051363358;2.1263443e-07;
0.0051492034;1.9842016e-07;
0.0051620711;1.9235098e-07;
0.0051749387;1.9604966e-07;
0.0051878064;2.0556342e-07;
0.005200674;1.9246652e-07;
0.0052135417;1.9134909e-07;
0.0052264093;2.1024668e-07;
0.005239277;1.9965595e-07;
0.0052521446;1.869416e-07;
0.0052650123;2.0256205e-07;
0.0052778799;2.0703454e-07;
0.0052907475;1.8786267e-07;
0.0053036152;1.9313785e-07;
0.0053164828;2.1214367e-07;
0.0053293505;1.9676581e-07;
0.0053422181;1.8445136e-07;
0.0053550858;1.9847076e-07;
0.0053679534;2.0403032e-07;
0.0053808211;1.890942e-07;
0.0053936887;1.9113839e-07;
0.0054065564;2.0704761e-07;
0.005419424;1.8621551e-07;
0.0054322917;1.8646675e-07;
0.0054451593;1.9943228e-07;
0.005458027;2.0137688e-07;
0.0054708946;1.8648697e-07;
0.0054837623;1.8863513e-07;
0.0054966299;2.1152734e-07;
0.0055094975;1.8858174e-07;
0.0055223652;1.829024e-07;
0.0055352328;2.0220852e-07;
0.0055481005;2.0547121e-07;
0.0055609681;1.9099557e-07;
0.0055738358;1.8771991e-07;
0.0055867034;2.0724834e-07;
0.0055995711;1.8725941e-07;
0.0056124387;1.8864388e-07;
0.0056253064;2.0904429e-07;
0.005638174;2.0121672e-07;
0.0056510417;1.8586484e-07;
0.0056639093;1.8835946e-07;
0.005676777;2.0811459e-07;
0.0056896446;1.8839702e-07;
0.0057025123;1.8900337e-07;
0.0057153799;2.0855062e-07;
0.0057282475;2.0291453e-07;
0.0057411152;1.9157602e-07;
0.0057539828;1.9190952e-07;
0.0057668505;2.1122428e-07;
0.0057797181;1.910967e-07;
0.0057925858;1.8893267e-07;
0.0058054534;2.0310224e-07;
0.0058183211;1.9642677e-07;
0.0058311887;1.8290105e-07;
0.0058440564;1.9153851e-07;
0.005856924;2.1245433e-07;
0.0058697917;1.9163235e-07;
0.0058826593;1.9281042e-07;
0.005895527;2.0775955e-07;
0.0059083946;2.0380682e-07;
0.0059212623;1.8699248e-07;
0.0059341299;1.9199333e-07;
0.0059469975;2.0789527e-07;
0.0059598652;1.8816906e-07;
0.0059727328;1.8555028e-07;
0.0059856005;2.0163269e-07;
0.0059984681;2.0262301e-07;
0.0060113358;1.8849247e-07;
0.0060242034;1.9387298e-07;
0.0060370711;2.0917295e-07;
0.0060499387;1.8924028e-07;
0.0060628064;1.880132e-07;
0.006075674;2.0795887e-07;
0.0060885417;1.9583785e-07;
0.0061014093;1.8814892e-07;
0.006114277;1.9680657e-07;
0.0061271446;2.1182499e-07;
0.0061400123;1.9013541e-07;
0.0061528799;1.8846654e-07;
0.0061657475;2.0598255e-07;
0.0061786152;1.9306464e-07;
0.0061914828;1.8587372e-07;
0.0062043505;1.9598951e-07;
0.0062172181;2.1019081e-07;
0.0062300858;1.9102474e-07;
0.0062429534;1.9090348e-07;
0.0062558211;2.1150461e-07;
0.0062686887;1.9940668e-07;
0.0062815564;1.8569763e-07;
0.006294424;1.9701168e-07;
0.0063072917;2.0603892e-07;
0.0063201593;1.9505551e-07;
0.006333027;1.9060325e-07;
0.0063458946;2.1214997e-07;
0.0063587623;2.205766e-07;
0.0063716299;2.1492033e-07;
0.0063844975;2.3475487e-07;
0.0063973652;2.2675841e-07;
0.0064102328;2.0663953e-07;
0.0064231005;2.267945e-07;
0.0064359681;2.32484e-07;
0.0064488358;2.1972634e-07;
0.0064617034;2.1991256e-07;
0.0064745711;2.3935874e-07;
0.0064874387;2.3035462e-07;
0.0065003064;2.1132424e-07;
0.006513174;2.3101291e-07;
0.0065260417;2.3787323e-07;
0.0065389093;2.2227158e-07;
0.006551777;2.2165226e-07;
0.0065646446;2.3306295e-07;
0.0065775123;2.2115709e-07;
0.0065903799;2.0764295e-07;
0.0066032475;2.3169004e-07;
0.0066161152;2.3130316e-07;
0.0066289828;2.080746e-07;
0.0066418505;2.1662834e-07;
0.0066547181;2.3185611e-07;
0.0066675858;2.2472442e-07;
0.0066804534;2.0811215e-07;
0.0066933211;2.3229788e-07;
0.0067061887;2.3584064e-07;
0.0067190564;2.1664569e-07;
0.006731924;2.1939299e-07;
0.0067447917;2.3042691e-07;
0.0067576593;2.2522249e-07;
0.006770527;2.1258466e-07;
0.0067833946;2.3186048e-07;
0.0067962623;2.3052653e-07;
0.0068091299;2.1523525e-07;
0.0068219975;2.2308157e-07;
0.0068348652;2.3844793e-07;
0.0068477328;2.2117309e-07;
0.0068606005;2.1181672e-07;
0.0068734681;2.3842778e-07;
0.0068863358;2.3386865e-07;
0.0068992034;2.1536958e-07;
0.0069120711;2.2753532e-07;
0.0069249387;2.3640663e-07;
0.0069378064;2.2695931e-07;
0.006950674;2.1372235e-07;
0.0069635417;2.3588837e-07;
0.0069764093;2.3103189e-07;
0.006989277;2.1393464e-07;
0.0070021446;2.1769971e-07;
0.0070150123;2.3451984e-07;
0.0070278799;2.2485884e-07;
0.0070407475;2.1295872e-07;
0.0070536152;2.3695676e-07;
0.0070664828;2.3042271e-07;
0.0070793505;2.1110942e-07;
0.0070922181;2.2363321e-07;
0.0071050858;2.3593321e-07;
0.0071179534;2.3079956e-07;
0.0071308211;2.176723e-07;
0.0071436887;2.3520849e-07;
0.0071565564;2.2976448e-07;
0.007169424;2.0679001e-07;
0.0071822917;2.2873804e-07;
0.0071951593;2.3087609e-07;
0.007208027;2.1601937e-07;
0.0072208946;2.0509082e-07;
0.0072337623;2.3655984e-07;
0.0072466299;2.3296653e-07;
0.0072594975;2.1435486e-07;
0.0072723652;2.3082847e-07;
0.0072852328;2.3855354e-07;
0.0072981005;2.2855762e-07;
0.0073109681;2.1324036e-07;
0.0073238358;2.382302e-07;
0.0073367034;2.394804e-07;
0.0073495711;2.1564408e-07;
0.0073624387;2.2901387e-07;
0.0073753064;2.3439875e-07;
0.007388174;2.2106504e-07;
0.0074010417;2.1231644e-07;
0.0074139093;2.3460229e-07;
0.007426777;2.29639e-07;
0.0074396446;2.1039494e-07;
0.0074525123;2.2676464e-07;
0.0074653799;2.3271114e-07;
0.0074782475;2.2559388e-07;
0.0074911152;2.1776631e-07;
0.0075039828;2.4048525e-07;
0.0075168505;2.3364954e-07;
0.0075297181;2.0666892e-07;
0.0075425858;2.2714437e-07;
0.0075554534;2.3835013e-07;
0.0075683211;2.2789077e-07;
0.0075811887;2.1711239e-07;
0.0075940564;2.3577897e-07;
0.007606924;2.3251774e-07;
0.0076197917;2.0946244e-07;
0.0076326593;2.2685425e-07;
0.007645527;2.3197061e-07;
0.0076583946;2.1776065e-07;
0.0076712623;2.1559082e-07;
0.0076841299;2.3397301e-07;
0.0076969975;2.2755879e-07;
0.0077098652;2.0980607e-07;
0.0077227328;2.2332889e-07;
0.0077356005;2.3608511e-07;
0.0077484681;2.1873803e-07;
0.0077613358;2.2044731e-07;
0.0077742034;2.3321945e-07;
0.0077870711;2.2906748e-07;
0.0077999387;2.0851835e-07;
0.0078128064;2.3628005e-07;
0.007825674;2.3683438e-07;
0.0078385417;2.2212926e-07;
0.0078514093;2.2277602e-07;
0.007864277;2.3575308e-07;
0.0078771446;2.324789e-07;
0.0078900123;2.1209001e-07;
0.0079028799;2.2893902e-07;
0.0079157475;2.3953985e-07;
0.0079286152;2.2314274e-07;
0.0079414828;2.2376642e-07;
0.0079543505;2.3666844e-07;
0.0079672181;2.2945592e-07;
0.0079800858;2.1525023e-07;
0.0079929534;2.3059351e-07;
0.0080058211;2.3485375e-07;
0.0080186887;2.2251622e-07;
0.0080315564;2.2335642e-07;
0.008044424;2.3078556e-07;
0.0080572917;2.2799784e-07;
0.0080701593;2.0997511e-07;
0.008083027;2.2954402e-07;
0.0080958946;2.2596083e-07;
0.0081087623;2.1944703e-07;
0.0081216299;2.1865883e-07;
0.0081344975;2.4096054e-07;
0.0081473652;2.2839058e-07;
0.0081602328;2.1171624e-07;
0.0081731005;2.3769788e-07;
0.0081859681;2.3597268e-07;
0.0081988358;2.1729313e-07;
0.0082117034;2.248031e-07;
0.0082245711;2.3621811e-07;
0.0082374387;2.2899404e-07;
0.0082503064;2.1824887e-07;
0.008263174;2.3511805e-07;
0.0082760417;2.3609257e-07;
0.0082889093;2.2033784e-07;
0.008301777;2.3064417e-07;
0.0083146446;2.3882979e-07;
0.0083275123;2.3034391e-07;
0.0083403799;2.1120672e-07;
0.0083532475;2.2881652e-07;
0.0083661152;2.3242425e-07;
0.0083789828;2.1767434e-07;
0.0083918505;2.2556107e-07;
0.0084047181;2.3332656e-07;
0.0084175858;2.2478583e-07;
0.0084304534;2.0803504e-07;
0.0084433211;2.3268415e-07;
0.0084561887;2.3162737e-07;
0.0084690564;2.1704061e-07;
0.008481924;2.264865e-07;
0.0084947917;2.3326308e-07;
0.0085076593;2.2238796e-07;
0.008520527;1.9122935e-07;
0.0085333946;1.9475483e-07;
0.0085462623;1.8992432e-07;
0.0085591299;1.8192065e-07;
0.0085719975;1.810689e-07;
0.0085848652;1.9747038e-07;
0.0085977328;1.8330511e-07;
0.0086106005;1.8200441e-07;
0.0086234681;1.9604694e-07;
0.0086363358;1.828533e-07;
0.0086492034;1.8139372e-07;
0.0086620711;1.8282009e-07;
0.0086749387;2.0109547e-07;
0.0086878064;1.8265261e-07;
0.008700674;1.8435615e-07;
0.0087135417;1.9817779e-07;
0.0087264093;1.8630802e-07;
0.008739277;1.7519467e-07;
0.0087521446;1.7958775e-07;
0.0087650123;1.9861813e-07;
0.0087778799;1.8271618e-07;
0.0087907475;1.8032693e-07;
0.0088036152;1.9568897e-07;
0.0088164828;1.8554434e-07;
0.0088293505;1.8422483e-07;
0.0088422181;1.874832e-07;
0.0088550858;2.0284234e-07;
0.0088679534;1.8341206e-07;
0.0088808211;1.8276387e-07;
0.0088936887;1.9489357e-07;
0.0089065564;1.854592e-07;
0.008919424;1.778511e-07;
0.0089322917;1.7999784e-07;
0.0089451593;1.9958261e-07;
0.008958027;1.8431873e-07;
0.0089708946;1.8041074e-07;
0.0089837623;1.9528193e-07;
0.0089966299;1.8546359e-07;
0.0090094975;1.7960519e-07;
0.0090223652;1.8330097e-07;
0.0090352328;1.9474491e-07;
0.0090481005;1.8390156e-07;
0.0090609681;1.8291265e-07;
0.0090738358;1.9855334e-07;
0.0090867034;1.8576101e-07;
0.0090995711;1.8360277e-07;
0.0091124387;1.8554016e-07;
0.0091253064;1.9840609e-07;
0.009138174;1.7704279e-07;
0.0091510417;1.8200607e-07;
0.0091639093;2.0231559e-07;
0.009176777;1.8773456e-07;
0.0091896446;1.8458162e-07;
0.0092025123;1.9074174e-07;
0.0092153799;1.9092795e-07;
0.0092282475;1.8223136e-07;
0.0092411152;1.8464083e-07;
0.0092539828;1.9713285e-07;
0.0092668505;1.8530202e-07;
0.0092797181;1.8465525e-07;
0.0092925858;1.9155023e-07;
0.0093054534;1.9575852e-07;
0.0093183211;1.8479967e-07;
0.0093311887;1.8543921e-07;
0.0093440564;2.0310534e-07;
0.009356924;1.8253887e-07;
0.0093697917;1.8432039e-07;
0.0093826593;1.9206564e-07;
0.009395527;1.8923319e-07;
0.0094083946;1.8289838e-07;
0.0094212623;1.8409663e-07;
0.0094341299;2.0171513e-07;
0.0094469975;1.8881167e-07;
0.0094598652;1.8238159e-07;
0.0094727328;1.9218264e-07;
0.0094856005;1.9958717e-07;
0.0094984681;1.8539456e-07;
0.0095113358;1.8510726e-07;
0.0095242034;2.0362656e-07;
0.0095370711;1.8258374e-07;
0.0095499387;1.7528601e-07;
0.0095628064;1.8396821e-07;
0.009575674;1.9075059e-07;
0.0095885417;1.8108089e-07;
0.0096014093;1.8049335e-07;
0.009614277;2.0020079e-07;
0.0096271446;1.8206403e-07;
0.0096400123;1.8062038e-07;
0.0096528799;1.9139879e-07;
0.0096657475;1.8919724e-07;
0.0096786152;1.8363624e-07;
0.0096914828;1.8199624e-07;
0.0097043505;1.9941551e-07;
0.0097172181;1.8109538e-07;
0.0097300858;1.8021475e-07;
0.0097429534;1.9348928e-07;
0.0097558211;1.8394088e-07;
0.0097686887;1.7475055e-07;
0.0097815564;2.325707e-07;
0.009794424;2.5801818e-07;
0.0098072917;2.5624682e-07;
0.0098201593;2.6229291e-07;
0.009833027;2.6396757e-07;
0.0098458946;2.5913706e-07;
0.0098587623;2.62381e-07;
0.0098716299;2.6107444e-07;
0.0098844975;2.6164037e-07;
0.0098973652;2.6503591e-07;
0.0099102328;2.6625144e-07;
0.0099231005;2.6327028e-07;
0.0099359681;2.6205905e-07;
0.0099488358;2.6644059e-07;
0.0099617034;2.6761287e-07;
0.0099745711;2.6359227e-07;
0.0099874387;1.9754897e-07;
0.010000306;2.6773268e-07;
0.010013174;2.6496087e-07;
0.010026042;2.6535934e-07;
0.010038909;2.6521353e-07;
0.010051777;2.6042344e-07;
0.010064645;2.6121748e-07;
0.010077512;2.6274053e-07;
0.01009038;2.6186139e-07;
0.010103248;2.6456679e-07;
0.010116115;2.6924857e-07;
0.010128983;2.6476169e-07;
0.01014185;2.0192765e-07;
0.010154718;2.5824066e-07;
0.010167586;2.6167951e-07;
0.010180453;2.6519339e-07;
0.010193321;2.6642774e-07;
0.010206189;2.6304378e-07;
0.010219056;2.632026e-07;
0.010231924;2.6384066e-07;
0.010244792;2.6752638e-07;
0.010257659;2.6701529e-07;
0.010270527;2.6508227e-07;
0.010283395;2.6030082e-07;
0.010296262;2.6048277e-07;
0.01030913;2.6343794e-07;
0.010321998;2.6123781e-07;
0.010334865;2.5946935e-07;
0.010347733;2.6455535e-07;
0.0103606;2.662632e-07;
0.010373468;2.701871e-07;
0.010386336;2.7110238e-07;
0.010399203;2.6911593e-07;
0.010412071;2.6804903e-07;
0.010424939;2.6987387e-07;
0.010437806;2.6518627e-07;
0.010450674;2.6919969e-07;
0.010463542;2.6724205e-07;
0.010476409;2.650679e-07;
0.010489277;2.6761601e-07;
0.010502145;2.6726375e-07;
0.010515012;2.6819921e-07;
0.01052788;2.6878248e-07;
0.010540748;2.6212719e-07;
0.010553615;2.6595723e-07;
0.010566483;2.6728401e-07;
0.01057935;2.6671085e-07;
0.010592218;2.6220663e-07;
0.010605086;2.6471285e-07;
0.010617953;2.638553e-07;
0.010630821;2.6074567e-07;
0.010643689;2.6715556e-07;
0.010656556;2.6476773e-07;
0.010669424;2.6885909e-07;
0.010682292;2.664193e-07;
0.010695159;2.6746595e-07;
0.010708027;2.6683652e-07;
0.010720895;2.7115593e-07;
0.010733762;2.6693326e-07;
0.01074663;2.6748616e-07;
0.010759498;2.6456566e-07;
0.010772365;2.6560367e-07;
0.010785233;2.6245357e-07;
0.0107981;2.6219663e-07;
0.010810968;2.6524565e-07;
0.010823836;2.6140115e-07;
0.010836703;2.6485444e-07;
0.010849571;2.6498e-07;
0.010862439;2.5961824e-07;
0.010875306;2.5882714e-07;
0.010888174;2.5674104e-07;
0.010901042;2.6013799e-07;
0.010913909;2.5925157e-07;
0.010926777;2.5588496e-07;
0.010939645;2.5584743e-07;
0.010952512;2.5761452e-07;
0.01096538;2.6365481e-07;
0.010978248;2.6469134e-07;
0.010991115;2.6060435e-07;
0.011003983;2.6357543e-07;
0.01101685;2.5768094e-07;
0.011029718;2.5889215e-07;
0.011042586;2.6002833e-07;
0.011055453;2.6087432e-07;
0.011068321;2.6177085e-07;
0.011081189;2.6601233e-07;
0.011094056;2.6244364e-07;
0.011106924;2.5557467e-07;
0.011119792;2.5590527e-07;
0.011132659;2.4958205e-07;
0.011145527;2.5667332e-07;
0.011158395;2.5813141e-07;
0.011171262;2.5532061e-07;
0.01118413;2.5940332e-07;
0.011196998;2.6449944e-07;
0.011209865;2.5817475e-07;
0.011222733;2.5553141e-07;
0.0112356;2.5997503e-07;
0.011248468;2.5632834e-07;
0.011261336;2.5968483e-07;
0.011274203;2.6012951e-07;
0.011287071;2.5725663e-07;
0.011299939;2.5565415e-07;
0.011312806;2.5588226e-07;
0.011325674;2.5481394e-07;
0.011338542;2.5925465e-07;
0.011351409;2.5918251e-07;
0.011364277;2.565103e-07;
0.011377145;2.5444443e-07;
0.011390012;2.6104917e-07;
0.01140288;2.5737072e-07;
0.011415748;2.6102756e-07;
0.011428615;2.6280323e-07;
0.011441483;2.5978887e-07;
0.01145435;2.6230373e-07;
0.011467218;2.5715712e-07;
0.011480086;2.5354648e-07;
0.011492953;2.6241058e-07;
0.011505821;2.6309059e-07;
0.011518689;2.6767279e-07;
0.011531556;2.6488217e-07;
0.011544424;2.6222871e-07;
0.011557292;2.5939483e-07;
0.011570159;2.6089043e-07;
0.011583027;2.6275711e-07;
0.011595895;2.6180429e-07;
0.011608762;2.6088905e-07;
0.01162163;2.653774e-07;
0.011634498;2.6807848e-07;
0.011647365;2.6876133e-07;
0.011660233;2.6166863e-07;
0.0116731;2.6316861e-07;
0.011685968;2.6547417e-07;
0.011698836;2.6531244e-07;
0.011711703;2.6196317e-07;
0.011724571;2.6731196e-07;
0.011737439;2.6498188e-07;
0.011750306;2.5979912e-07;
0.011763174;2.6239629e-07;
0.011776042;2.6387029e-07;
0.011788909;2.5801188e-07;
0.011801777;2.6303149e-07;
0.011814645;2.6200217e-07;
0.011827512;2.6396849e-07;
0.01184038;2.619257e-07;
0.011853248;2.5825588e-07;
0.011866115;2.5839162e-07;
0.011878983;2.5695518e-07;
0.01189185;2.5737382e-07;
0.011904718;2.5730742e-07;
0.011917586;2.6356571e-07;
0.011930453;2.6506568e-07;
0.011943321;2.6290023e-07;
0.011956189;2.5983386e-07;
0.011969056;2.5608037e-07;
0.011981924;2.5917702e-07;
0.011994792;2.5483594e-07;
0.012007659;2.6102203e-07;
0.012020527;2.622578e-07;
0.012033395;2.6308214e-07;
0.012046262;2.5996239e-07;
0.01205913;2.6482034e-07;
0.012071998;2.6042008e-07;
0.012084865;2.5888832e-07;
0.012097733;2.5832675e-07;
0.0121106;2.6257113e-07;
0.012123468;2.6849592e-07;
0.012136336;2.6759363e-07;
0.012149203;2.6503118e-07;
0.012162071;2.6538918e-07;
0.012174939;2.6864323e-07;
0.012187806;2.7251079e-07;
0.012200674;2.6965525e-07;
0.012213542;2.6587715e-07;
0.012226409;2.6175554e-07;
0.012239277;2.6524339e-07;
0.012252145;2.688829e-07;
0.012265012;2.6798641e-07;
0.01227788;2.6888004e-07;
0.012290748;2.6958597e-07;
0.012303615;2.6031623e-07;
0.012316483;2.3953614e-07;
0.01232935;2.657314e-07;
0.012342218;2.6493309e-07;
0.012355086;2.6177435e-07;
0.012367953;2.6267377e-07;
0.012380821;2.666727e-07;
0.012393689;2.6669867e-07;
0.012406556;2.6911974e-07;
0.012419424;2.6829107e-07;
0.012432292;2.6713902e-07;
0.012445159;2.6400484e-07;
0.012458027;2.6653703e-07;
0.012470895;2.6914284e-07;
0.012483762;2.7212547e-07;
0.01249663;2.6759959e-07;
0.012509498;2.6789267e-07;
0.012522365;2.656362e-07;
0.012535233;2.6485085e-07;
0.0125481;2.6684167e-07;
0.012560968;2.6307664e-07;
0.012573836;2.6133268e-07;
0.012586703;2.6436004e-07;
0.012599571;2.6715354e-07;
0.012612439;2.6603906e-07;
0.012625306;2.6536774e-07;
0.012638174;2.6729217e-07;
0.012651042;2.4495724e-07;
0.012663909;2.5931162e-07;
0.012676777;2.6971464e-07;
0.012689645;2.6853951e-07;
0.012702512;2.6848897e-07;
0.01271538;2.6424316e-07;
0.012728248;2.7101684e-07;
0.012741115;2.7114678e-07;
0.012753983;2.7453794e-07;
0.01276685;2.736169e-07;
0.012779718;2.690174e-07;
0.012792586;2.6747558e-07;
0.012805453;2.6804292e-07;
0.012818321;2.6368019e-07;
0.012831189;2.6628168e-07;
0.012844056;2.682451e-07;
0.012856924;2.6607094e-07;
0.012869792;2.6449734e-07;
0.012882659;2.6138766e-07;
0.012895527;2.6462869e-07;
0.012908395;2.6516864e-07;
0.012921262;2.6116538e-07;
0.01293413;2.6069187e-07;
0.012946998;2.6046091e-07;
0.012959865;2.6538809e-07;
0.012972733;2.5930305e-07;
0.0129856;2.6609839e-07;
0.012998468;2.6861615e-07;
0.013011336;2.6536214e-07;
0.013024203;2.6174291e-07;
0.013037071;2.5643601e-07;
0.013049939;2.6213847e-07;
0.013062806;2.5870257e-07;
0.013075674;2.5822906e-07;
0.013088542;2.6495795e-07;
0.013101409;2.6708735e-07;
0.013114277;2.6252685e-07;
0.013127145;2.5879496e-07;
0.013140012;2.6269288e-07;
0.01315288;2.5773681e-07;
0.013165748;2.660003e-07;
0.013178615;2.6227279e-07;
0.013191483;2.6411923e-07;
0.01320435;2.6358512e-07;
0.013217218;2.6279829e-07;
0.013230086;2.6519912e-07;
0.013242953;2.6677129e-07;
0.013255821;2.6318236e-07;
0.013268689;2.6791468e-07;
0.013281556;2.6638439e-07;
0.013294424;2.6169105e-07;
0.013307292;2.6357938e-07;
0.013320159;2.6449035e-07;
0.013333027;2.6138067e-07;
0.013345895;2.6105586e-07;
0.013358762;2.6288354e-07;
0.01337163;2.6177912e-07;
0.013384498;2.5879222e-07;
0.013397365;2.6242883e-07;
0.013410233;2.6562217e-07;
0.0134231;2.6809519e-07;
0.013435968;2.6592826e-07;
0.013448836;2.5919935e-07;
0.013461703;2.5537367e-07;
0.013474571;2.5463015e-07;
0.013487439;2.5868109e-07;
0.013500306;2.6885748e-07;
0.013513174;2.6498848e-07;
0.013526042;2.6151938e-07;
0.013538909;2.570267e-07;
0.013551777;2.6395192e-07;
0.013564645;2.6442548e-07;
0.013577512;2.6696632e-07;
0.01359038;2.5856997e-07;
0.013603248;2.5481068e-07;
0.013616115;2.6070374e-07;
0.013628983;2.6395342e-07;
0.01364185;2.6655059e-07;
0.013654718;2.6531481e-07;
0.013667586;2.6890952e-07;
0.013680453;2.6251122e-07;
0.013693321;2.5892519e-07;
0.013706189;2.6253724e-07;
0.013719056;2.6026344e-07;
0.013731924;2.6130003e-07;
0.013744792;2.666416e-07;
0.013757659;2.6161328e-07;
0.013770527;2.5945357e-07;
0.013783395;2.6091461e-07;
0.013796262;2.6343953e-07;
0.01380913;2.6173024e-07;
0.013821998;2.6354786e-07;
0.013834865;2.6523837e-07;
0.013847733;2.635753e-07;
0.0138606;2.5650278e-07;
0.013873468;2.6230921e-07;
0.013886336;2.6613056e-07;
0.013899203;2.6487028e-07;
0.013912071;2.6242038e-07;
0.013924939;2.5915625e-07;
0.013937806;2.633227e-07;
0.013950674;2.6260231e-07;
0.013963542;2.642394e-07;
0.013976409;2.6584044e-07;
0.013989277;2.649252e-07;
0.014002145;2.6885916e-07;
0.014015012;2.6500602e-07;
0.01402788;2.6678175e-07;
0.014040748;2.6525004e-07;
0.014053615;2.6682652e-07;
0.014066483;2.6624041e-07;
0.01407935;2.6609028e-07;
0.014092218;2.6760179e-07;
0.014105086;2.6133196e-07;
0.014117953;2.657106e-07;
0.014130821;2.6584776e-07;
0.014143689;2.6325927e-07;
0.014156556;2.6443439e-07;
0.014169424;2.6534967e-07;
0.014182292;2.6815472e-07;
0.014195159;2.7284952e-07;
0.014208027;2.727846e-07;
0.014220895;2.7202955e-07;
0.014233762;2.6679341e-07;
0.01424663;2.6870334e-07;
0.014259498;2.7139578e-07;
0.014272365;2.6998822e-07;
0.014285233;1.9581568e-07;
0.0142981;2.6939055e-07;
0.014310968;2.6627371e-07;
0.014323836;2.6864708e-07;
0.014336703;2.7260417e-07;
0.014349571;2.7054695e-07;
0.014362439;2.6952484e-07;
0.014375306;2.7311961e-07;
0.014388174;2.67625e-07;
0.014401042;2.6991613e-07;
0.014413909;2.7015145e-07;
0.014426777;2.7686591e-07;
0.014439645;2.7066104e-07;
0.014452512;2.716413e-07;
0.01446538;2.7301423e-07;
0.014478248;2.6765827e-07;
0.014491115;2.7309079e-07;
0.014503983;2.7103498e-07;
0.01451685;2.7429625e-07;
0.014529718;2.7378517e-07;
0.014542586;2.7076939e-07;
0.014555453;2.7188823e-07;
0.014568321;2.6830652e-07;
0.014581189;2.6504092e-07;
0.014594056;2.6946867e-07;
0.014606924;2.753776e-07;
0.014619792;2.7625537e-07;
0.014632659;2.7685159e-07;
0.014645527;2.6450968e-07;
0.014658395;2.0696527e-07;
0.014671262;2.7352686e-07;
0.01468413;2.7173958e-07;
0.014696998;2.7395993e-07;
0.014709865;2.7102931e-07;
0.014722733;2.7576601e-07;
0.0147356;2.7829818e-07;
0.014748468;2.7464572e-07;
0.014761336;2.725495e-07;
0.014774203;2.7947911e-07;
0.014787071;2.7956286e-07;
0.014799939;2.7540513e-07;
0.014812806;2.7657734e-07;
0.014825674;2.7512647e-07;
0.014838542;2.7138741e-07;
0.014851409;2.7086916e-07;
0.014864277;2.6958575e-07;
0.014877145;2.7673045e-07;
0.014890012;2.7321797e-07;
0.01490288;2.7393408e-07;
0.014915748;2.6630432e-07;
0.014928615;2.723013e-07;
0.014941483;2.7404667e-07;
0.01495435;2.7464295e-07;
0.014967218;2.7167043e-07;
0.014980086;2.668414e-07;
0.014992953;2.6931437e-07;
0.015005821;2.7395432e-07;
0.015018689;2.706267e-07;
0.015031556;2.6931151e-07;
0.015044424;2.7328162e-07;
0.015057292;2.7779736e-07;
0.015070159;2.7499378e-07;
0.015083027;2.5956971e-07;
0.015095895;2.7430949e-07;
0.015108762;2.7315312e-07;
0.01512163;2.7242409e-07;
0.015134498;2.7464735e-07;
0.015147365;2.7237502e-07;
0.015160233;2.7201702e-07;
0.0151731;2.7652702e-07;
0.015185968;2.7507467e-07;
0.015198836;2.7256991e-07;
0.015211703;2.7652416e-07;
0.015224571;2.698284e-07;
0.015237439;2.5181295e-07;
0.015250306;2.7424461e-07;
0.015263174;2.7552801e-07;
0.015276042;2.7112196e-07;
0.015288909;2.7018938e-07;
0.015301777;2.7321094e-07;
0.015314645;2.7717241e-07;
0.015327512;2.6905465e-07;
0.01534038;2.7771809e-07;
0.015353248;2.7673066e-07;
0.015366115;2.806271e-07;
0.015378983;2.7844863e-07;
0.01539185;2.7562481e-07;
0.015404718;2.7198677e-07;
0.015417586;2.6917023e-07;
0.015430453;2.7292228e-07;
0.015443321;2.7060522e-07;
0.015456189;2.5276878e-07;
0.015469056;2.521942e-07;
0.015481924;2.333818e-07;
0.015494792;2.5248147e-07;
0.015507659;2.5834708e-07;
0.015520527;2.4509716e-07;
0.015533395;2.4746911e-07;
0.015546262;2.5584959e-07;
0.01555913;2.5270239e-07;
0.015571998;2.4152986e-07;
0.015584865;2.5897658e-07;
0.015597733;2.589477e-07;
0.0156106;2.4072722e-07;
0.015623468;2.4857063e-07;
0.015636336;2.5411866e-07;
0.015649203;2.5368414e-07;
0.015662071;2.4071861e-07;
0.015674939;2.5318607e-07;
0.015687806;2.528035e-07;
0.015700674;2.3867438e-07;
0.015713542;2.4673148e-07;
0.015726409;2.5927545e-07;
0.015739277;2.5714319e-07;
0.015752145;2.4069554e-07;
0.015765012;2.5618463e-07;
0.01577788;2.5348063e-07;
0.015790748;2.403664e-07;
0.015803615;2.4857219e-07;
0.015816483;2.5836892e-07;
0.01582935;2.5650081e-07;
0.015842218;2.3888952e-07;
0.015855086;2.5563604e-07;
0.015867953;2.5515389e-07;
0.015880821;2.3801906e-07;
0.015893689;2.4515796e-07;
0.015906556;2.5359187e-07;
0.015919424;2.530606e-07;
0.015932292;2.3838573e-07;
0.015945159;2.6057773e-07;
0.015958027;2.6135444e-07;
0.015970895;2.4140159e-07;
0.015983762;2.5042304e-07;
0.01599663;2.5820154e-07;
0.016009498;2.5425597e-07;
0.016022365;2.4381832e-07;
0.016035233;2.5473964e-07;
0.0160481;2.5565925e-07;
0.016060968;2.4260418e-07;
0.016073836;2.5084318e-07;
0.016086703;2.5362372e-07;
0.016099571;2.4765561e-07;
0.016112439;2.3881606e-07;
0.016125306;2.4974602e-07;
0.016138174;2.4919167e-07;
0.016151042;2.3490663e-07;
0.016163909;2.5410015e-07;
0.016176777;2.5275608e-07;
0.016189645;2.4375054e-07;
0.016202512;2.3955236e-07;
0.01621538;2.5942294e-07;
0.016228248;2.5763572e-07;
0.016241115;2.3896481e-07;
0.016253983;2.5655585e-07;
0.01626685;2.5604772e-07;
0.016279718;2.4851323e-07;
0.016292586;2.4524478e-07;
0.016305453;2.5729501e-07;
0.016318321;2.5363969e-07;
0.016331189;2.3298517e-07;
0.016344056;2.4968548e-07;
0.016356924;2.5712326e-07;
0.016369792;2.4677651e-07;
0.016382659;2.3924492e-07;
0.016395527;2.5896537e-07;
0.016408395;2.5701069e-07;
0.016421262;2.388898e-07;
0.01643413;2.5238231e-07;
0.016446998;2.5226106e-07;
0.016459865;2.4953831e-07;
0.016472733;2.4570825e-07;
0.0164856;2.5714355e-07;
0.016498468;2.5597126e-07;
0.016511336;2.4426174e-07;
0.016524203;2.5407865e-07;
0.016537071;2.5314607e-07;
0.016549939;2.4905618e-07;
0.016562806;2.4699605e-07;
0.016575674;2.5429667e-07;
0.016588542;2.5782209e-07;
0.016601409;2.4209192e-07;
0.016614277;2.6111945e-07;
0.016627145;2.5855695e-07;
0.016640012;2.5047102e-07;
0.01665288;2.4994839e-07;
0.016665748;2.5115961e-07;
0.016678615;2.5401667e-07;
0.016691483;2.3913539e-07;
0.01670435;2.5211677e-07;
0.016717218;2.7038783e-07;
0.016730086;2.7247967e-07;
0.016742953;2.7014243e-07;
0.016755821;2.7113275e-07;
0.016768689;2.7295321e-07;
0.016781556;2.7278722e-07;
0.016794424;2.6806932e-07;
0.016807292;2.7379345e-07;
0.016820159;2.7357693e-07;
0.016833027;2.7166982e-07;
0.016845895;2.6811119e-07;
0.016858762;2.6749477e-07;
0.01687163;2.7401147e-07;
0.016884498;2.77804e-07;
0.016897365;2.7166553e-07;
0.016910233;2.7398843e-07;
0.0169231;2.7564865e-07;
0.016935968;2.74934e-07;
0.016948836;2.7314388e-07;
0.016961703;2.7424539e-07;
0.016974571;2.7420787e-07;
0.016987439;2.7239029e-07;
0.017000306;2.7534984e-07;
0.017013174;2.769523e-07;
0.017026042;2.7600961e-07;
0.017038909;2.7310206e-07;
0.017051777;2.7069547e-07;
0.017064645;2.7455439e-07;
0.017077512;2.730544e-07;
0.01709038;2.7329263e-07;
0.017103248;2.7898936e-07;
0.017116115;2.7171476e-07;
0.017128983;2.7401594e-07;
0.01714185;2.681763e-07;
0.017154718;2.7018735e-07;
0.017167586;2.7254197e-07;
0.017180453;2.727412e-07;
0.017193321;2.7265025e-07;
0.017206189;2.7301119e-07;
0.017219056;2.7628832e-07;
0.017231924;2.7810879e-07;
0.017244792;2.7385143e-07;
0.017257659;2.6964314e-07;
0.017270527;2.6711673e-07;
0.017283395;2.708905e-07;
0.017296262;2.7452705e-07;
0.01730913;2.738298e-07;
0.017321998;2.7512185e-07;
0.017334865;2.7171914e-07;
0.017347733;2.7372155e-07;
0.0173606;2.7231973e-07;
0.017373468;2.7069997e-07;
0.017386336;2.6975727e-07;
0.017399203;2.710118e-07;
0.017412071;2.7137269e-07;
0.017424939;2.7771039e-07;
0.017437806;2.7474946e-07;
0.017450674;2.759318e-07;
0.017463542;2.7474513e-07;
0.017476409;2.7270956e-07;
0.017489277;2.6844647e-07;
0.017502145;2.7266919e-07;
0.017515012;2.7339388e-07;
0.01752788;2.7225774e-07;
0.017540748;2.7042283e-07;
0.017553615;2.6979055e-07;
0.017566483;2.715345e-07;
0.01757935;2.7531976e-07;
0.017592218;2.7066251e-07;
0.017605086;2.7221877e-07;
0.017617953;2.7332033e-07;
0.017630821;2.7549595e-07;
0.017643689;2.7251041e-07;
0.017656556;2.7225347e-07;
0.017669424;2.7366682e-07;
0.017682292;2.707001e-07;
0.017695159;2.7488814e-07;
0.017708027;2.7265339e-07;
0.017720895;2.7356288e-07;
0.017733762;2.7117511e-07;
0.01774663;2.7506001e-07;
0.017759498;2.7408554e-07;
0.017772365;2.7050377e-07;
0.017785233;2.7340988e-07;
0.0177981;2.7431795e-07;
0.017810968;2.7155479e-07;
0.017823836;2.730663e-07;
0.017836703;2.7378241e-07;
0.017849571;2.6813046e-07;
0.017862439;2.6719061e-07;
0.017875306;2.7464863e-07;
0.017888174;2.724456e-07;
0.017901042;2.7160107e-07;
0.017913909;2.7530549e-07;
0.017926777;2.7674482e-07;
0.017939645;2.7215976e-07;
0.017952512;2.7235757e-07;
0.01796538;2.6694238e-07;
0.017978248;2.7198654e-07;
0.017991115;2.7321657e-07;
0.018003983;2.7067424e-07;
0.01801685;2.694284e-07;
0.018029718;2.7150727e-07;
0.018042586;2.6824024e-07;
0.018055453;2.7400336e-07;
0.018068321;2.6746068e-07;
0.018081189;2.6615276e-07;
0.018094056;2.6443336e-07;
0.018106924;2.6757622e-07;
0.018119792;2.7062956e-07;
0.018132659;2.6699584e-07;
0.018145527;2.663419e-07;
0.018158395;2.7178016e-07;
0.018171262;2.7243272e-07;
0.01818413;2.7224218e-07;
0.018196998;2.6854206e-07;
0.018209865;2.6847566e-07;
0.018222733;2.6651802e-07;
0.0182356;2.6584675e-07;
0.018248468;2.7328738e-07;
0.018261336;2.7432829e-07;
0.018274203;2.7006662e-07;
0.018287071;2.6980672e-07;
0.018299939;2.7023986e-07;
0.018312806;2.7085917e-07;
0.018325674;2.7416807e-07;
0.018338542;2.7492454e-07;
0.018351409;2.6837611e-07;
0.018364277;2.6682997e-07;
0.018377145;2.6539927e-07;
0.018390012;2.7191022e-07;
0.01840288;2.7237076e-07;
0.018415748;2.7417098e-07;
0.018428615;2.7418831e-07;
0.018441483;2.7498815e-07;
0.01845435;2.7533171e-07;
0.018467218;2.7317489e-07;
0.018480086;2.7317636e-07;
0.018492953;2.7144252e-07;
0.018505821;2.7260325e-07;
0.018518689;2.6937522e-07;
0.018531556;2.7536788e-07;
0.018544424;2.69957e-07;
0.018557292;2.7256139e-07;
0.018570159;2.6413616e-07;
0.018583027;2.656607e-07;
0.018595895;2.6876747e-07;
0.018608762;2.6438307e-07;
0.01862163;2.6886273e-07;
0.018634498;2.6544705e-07;
0.018647365;2.6775256e-07;
0.018660233;2.7691117e-07;
0.0186731;2.6994983e-07;
0.018685968;2.7280831e-07;
0.018698836;2.7182372e-07;
0.018711703;2.7155524e-07;
0.018724571;2.691212e-07;
0.018737439;2.7022992e-07;
0.018750306;2.691674e-07;
0.018763174;2.6661069e-07;
